kwic_id;doc_id;doc_token_id;doc_file_name;token_count;hit_size;S1;S2;S3;L20;L19;L18;L17;L16;L15;L14;L13;L12;L11;L10;L9;L8;L7;L6;L5;L4;L3;L2;L1;R0;R1;R2;R3;R4;R5;R6;R7;R8;R9;R10;R11;R12;R13;R14;R15;R16;R17;R18;R19;Annotation;"Brief vor oder nach ""Brief""";
88;0;537415;random_sample_d_prose_clean_text.txt;1288335;1;20;2;1;Pflichterfüllung ;niemals ;an ;mich ;herangetreten ;ist ;und ;daß ;ich ;sterben ;darf ;ohne ;Progenitur!« 10;Vier ;Wochen ;nach ;Weberleins ;Abreise ;erschien ;ein ;Brief ;von ;ihm ;aus ;Arad. ;Er ;meldete ;darin, ;daß ;es ;ihm ;noch ;nicht ;gelungen ;sei, ;eine ;Spur ;von ;denen, ;die ;Zusammengefasst;;
180;0;921367;random_sample_d_prose_clean_text.txt;1288335;1;20;2;1;abzuholen ;und ;beim ;dortigen ;Gerichte ;die ;Erbansprüche ;von ;Prannes ;geltend ;zu ;machen. ;Aber ;der ;wackere ;Freund ;konnte ;nichts ;"ausrichten; ";ein ;Brief ;von ;ihm ;setzte ;Prannes ;in ;Kenntnis, ;daß ;er ;zwar ;mit ;leeren ;Taschen, ;aber ;mit ;einem ;bildschönen ;und ;braven ;Mädchen ;Zusammengefasst;;
156;0;782034;random_sample_d_prose_clean_text.txt;1288335;1;20;2;1;sich ;ins ;Stadthaus ;hatte ;bringen ;lassen, ;um ;sie ;dort ;nochmals ;zu ;überreden, ;ihn ;zu ;heiraten. ;Denn ;er ;mußte ;heute ;den ;Brief ;von ;ihr ;erhalten ;haben, ;worin ;sie ;ihm ;endgültig ;die ;Verlobung ;absagte. ;Vielleicht ;hatte ;seine ;Wut ;und ;seine ;Ohnmacht ;den ;Zusammengefasst;;
112;0;618167;random_sample_d_prose_clean_text.txt;1288335;1;20;2;1;noch ;im ;Südwesten ;saßen, ;ab. ;Soviel ;vermochte ;das ;Lächeln ;einer ;Griechin, ;die ;der ;Aphrodite ;glich, ;in ;jenen ;beneidenswerten ;Zeiten. ;Ein ;Brief ;von ;ihr ;erreichte ;den ;"Dionys; ";darin ;stand: »;Ich ;habe ;nicht ;nur ;den ;Philoxenos ;gerettet (;denn ;Philoxenos ;ist ;bei ;"mir); ";Brief;danach;
196;0;1122251;random_sample_d_prose_clean_text.txt;1288335;1;20;1;1;allem ;war ;das ;Verhalten ;des ;Polen, ;wenn ;auch ;nicht ;gerade ;aufdringlich, ;so ;doch ;merkwürdig. ;Am ;nächsten ;Morgen ;bekam ;Irene ;einen ;Brief ;von ;Julia. ;Die ;Rechtschreibung ;war ;nicht ;einwandfrei, ;aber ;der ;Inhalt ;war ;erheiternd. ;Liebes ;Irenchen! ;Ach, ;was ;bin ;ich ;nachträglich ;Brief;danach;
165;0;829809;random_sample_d_prose_clean_text.txt;1288335;1;20;1;1;sie ;dazu ;aufgefordert ;hatte, ;folgende ;Mittheilung ;machte: ;Als ;sie ;Henriette ;heute ;Nachmittag ;zu ;Seine ;Hochwürden ;in';s ;Dorf ;gebracht, ;den ;Brief ;von ;Madame ;la ;Supérieure ;abgegeben, ;und ;das ;Haus ;schon ;wieder ;verlassen, ;hätten ;sich ;mehrere ;Personen ;aus ;dem ;Dorf ;um ;Kontext;;
90;0;537831;random_sample_d_prose_clean_text.txt;1288335;1;20;1;1;zu ;verstehen, ;daß ;sie ;sich ;verletzt ;fühle ;und ;gehofft ;habe, ;ihrem ;Vater ;mehr ;zu ;sein. ;Um ;Neujahr ;erhielt ;Schimmelreiter ;einen ;Brief ;von ;Mansuet ;aus ;Klausenberg. ;Dort ;war ;Weberlein ;vier ;Wochen ;lang ;krank ;gelegen, ;hatte ;aber ;trotzdem »;keine ;Minute« ;den ;Zweck ;Kontext;;
120;0;673274;random_sample_d_prose_clean_text.txt;1288335;1;20;1;1;Eindruck ;bei. ;Ich ;könnte ;es ;mir ;sehr ;hübsch ;denken, ;solch ;einen ;Bruder ;zu ;haben. ;Den 13.;Juli. ;Eben ;habe ;ich ;einen ;Brief ;von ;Nora ;erhalten ;und ;muß ;zu ;Dir ;eilen, ;geliebte ;Mama, ;um ;Dir ;davon ;zu ;erzählen. ;Ich ;bin ;ganz ;erfüllt ;Objekt;;
154;0;780810;random_sample_d_prose_clean_text.txt;1288335;1;20;1;1;sehnsüchtig ;auf ;den ;Ruf ;der ;Verkäuferin ;wartend: ;Tomales ;caliente, ;con ;carne, ;con ;dulce, ;eheee! ;Ich ;sehnte ;mich ;nach ;dem ;letzten ;Brief ;von ;"Orla; ";denn ;morgen ;würde ;sie ;ja ;selbst ;kommen. ;In ;solchen ;Gedanken ;kam ;ich ;bei ;der ;Glorieta ;an, ;wo ;Objekt;;
157;0;795709;random_sample_d_prose_clean_text.txt;1288335;1;20;1;1;sowohl ;als ;ich ;selbst, ;daß ;eine ;schleunige ;Abreise ;mir ;gesundheitlich ;nur ;von ;Vorteil ;sein ;könnte. ;Ich ;fand ;aber ;noch ;einen ;Brief ;von ;Orlas ;Mutter ;vor, ;die ;mich ;bat, ;nach ;Tlalpam ;zu ;kommen: ;sie ;hätte ;eine ;große ;Sehnsucht, ;mit ;mir ;von ;Zusammengefasst;;
174;0;862550;random_sample_d_prose_clean_text.txt;1288335;1;20;1;1;und ;überaus ;mächtigen ;Reiches ;nicht ;würdig, ;nach ;außen ;so ;stark, ;nach ;innen ;so ;schwach ;zu ;sein. ;Der ;Narr ;rezitierte ;diesen ;Brief, ;von ;Reiswein ;und ;edler ;Gesinnung ;trunken, ;seinen ;Freunden ;eines ;Sonn – ;Abends, ;worauf ;er ;ihn ;mit ;einem ;reitenden ;Boten ;nach ;Objekt;;
10;0;177068;random_sample_d_prose_clean_text.txt;1288335;1;20;1;1;Familie ;benachrichtigte – ;eins ;um ;das ;andere: ;Zustand ;hoffnungslos – ;Zustand ;unverändert – ;Nicht ;kommen – ;und ;so ;fort. ;An ;demselben ;Morgen ;kam ;ein ;Brief ;von ;dem ;Manne, ;um ;dessentwillen ;ich ;mit ;den ;Meinen ;gebrochen ;hatte. ;Ich ;konnte ;ihn ;kaum ;lesen, ;und ;er ;war ;Kontext;;
4;0;149362;random_sample_d_prose_clean_text.txt;1288335;1;20;1;1;hübsche ;Kinderfräulein ;gezwungen ;lächelnd. »;Und ;nun ;gar ;am ;Herz! ;Ich ;bin ;doch ;mit';m ;Wegmann ;verlobt. – ;Da ;hab' ;ich ;einen ;Brief ;von ;der ;Frau ;Gräfin ;an ;Sie. ;Ich ;soll ;auf ;Antwort ;warten.« »;So – ;dann ;geben ;Sie ;her.« ;Er ;bezwang ;seine ;Zusammengefasst;;
189;0;1101201;random_sample_d_prose_clean_text.txt;1288335;1;20;1;1;so ;herab, ;daß ;der ;Arzt ;ihn ;zur ;Nervenstärkung ;ins ;Bad ;schickte. ;Drei ;Wochen ;war ;er ;dort, ;da ;bekam ;ich ;einen ;Brief ;von ;ihm, ;wißt ;ihr, ;so ;einen, ;den ;man ;meint ;nur ;mit ;der ;Feuerzange ;anrühren ;zu ;können, ;so ;einen, ;bei ;Kontext;;
197;0;1131156;random_sample_d_prose_clean_text.txt;1288335;1;20;1;1;Nichts!« »;Leb' ;wohl, ;Vater, ;vergiß, ;daß ;du ;eine ;Tochter ;hast!« ;Sie ;ging. * ;Während ;Irene ;einige ;Koffer ;packte, ;erhielt ;sie ;einen ;Brief ;von ;ihrem ;Vater. »;Das ;ist ;das ;Verzeichnis ;der ;Wertpapiere, ;die ;ich ;von ;Frau ;Geheimrat ;Bruckner ;erhalten ;habe. ;Der ;Kurszettel ;Brief;danach;
11;0;192007;random_sample_d_prose_clean_text.txt;1288335;1;20;1;1;damals ;und ;ich. ;Mir ;ist, ;als ;müßte ;ich ;seither ;die ;Seele ;gewechselt ;haben. ;XI. ;Am ;nächsten ;Tag ;erhielt ;ich ;einen ;Brief ;von ;meinem ;Bruder ;Boris. ;Im ;ersten ;Moment ;erkannte ;ich ;seine ;Schrift ;nicht. ;Sie ;war ;steif ;und ;verschnörkelt ;und ;an ;Kontext;;
15;0;192822;random_sample_d_prose_clean_text.txt;1288335;1;20;1;1;die ;Erinnerung ;zu ;bannen, ;reizte ;ich ;sie – ;mein ;ganzes ;Sein ;strebte ;in ;die ;Vergangenheit ;zurück. – ;Da ;bringt ;mein ;Diener ;einen ;Brief ;von ;meiner ;Tante. ;Sie ;meldet ;mir ;ihre ;Ankunft, ;bittet ;mich ;für ;den ;Abend ;zum ;Thee ;und ;berührt ;die ;rohen ;Zusammengefasst;;
29;0;223967;random_sample_d_prose_clean_text.txt;1288335;1;20;1;1;langsam ;sehr ;rot. ;Das ;war ;ihr ;ebenso ;überraschend ;wie ;unangenehm. ;Warum ;erröten, ;wenn ;man ;unter ;dem ;mit ;lila ;Schreibmaschinenschrift ;geschriebenen ;Brief ;von ;schwarzer ;Tinte ;die ;sehr ;großen, ;in ;schöner ;Ebenmäßigkeit ;ohne ;jeden ;Schnörkel ;hingesetzten ;Namen ;las? ;So ;viel ;einfache ;Kraft ;Kontext;;
77;0;531626;random_sample_d_prose_clean_text.txt;1288335;1;20;1;1;der ;Hedschra«. ;Etwa ;anderthalb ;Jahre, ;nachdem ;Rosa ;und ;Božena ;das ;alte ;Haus ;verlassen ;hatten, ;in ;der ;Lichtmeßwoche, ;erhielt ;Mansuet ;einen ;Brief ;von ;seiner ;Freundin ;aus ;einem ;Dorfe ;in ;der ;Nähe ;von ;Arad. ;Sie ;schrieb, ;daß ;Rosa ;ein ;zartes ;Mädchen ;zur ;Zusammengefasst;;
80;0;531888;random_sample_d_prose_clean_text.txt;1288335;1;20;1;1;Brust. ;Heißenstein ;konnte ;sich ;eines ;Lächelns ;nicht ;erwehren ;und ;fragte: »;Was ;haben ;Sie ;denn?« »;Einen ;Brief!« ;platzte ;Mansuet ;heraus, »;einen ;Brief ;von ;unserer ;Rosa!« ;wiederholte ;er, ;fast ;weinend – ;und ;hielt ;seinem ;Herrn ;das ;Zettelchen ;hin. ;Heißenstein ;war ;bleich ;geworden ;bis ;Objekt;;
175;0;862618;random_sample_d_prose_clean_text.txt;1288335;1;14;4;1;Ideen ;ruchbar ;werden ;zu ;lassen. ;Der ;Narr ;liebte ;sein ;Vaterland ;sehr. ;Die ;Liebe ;zu ;ihm ;hatte ;ihm ;den ;Pinsel ;zum ;Brief ;in ;die ;Hand ;gedrückt ;und ;das ;Kästchen ;mit ;schwarzer ;Tusche. ;Aber ;seine ;wahrhaft ;unschuldig ;getane ;Tat ;wurde ;ihm ;von ;Objekt;;
86;0;535624;random_sample_d_prose_clean_text.txt;1288335;1;14;4;1;das ;seiner ;Hand ;entglitten, ;das ;auf ;den ;Tisch ;gefallen ;ist, ;bedeckt ;er ;vorsichtig ;mit ;seinem ;Taschentuche. ;Dabei ;kommt ;ihm ;der ;Brief ;in ;die ;Hand, ;den ;er ;achtlos ;beiseite ;geworfen ;hatte. ;Er ;betrachtet ;ihn ;einen ;Augenblick –;ein ;sonderbarer ;Umstand ;fällt ;ihm ;Objekt;;
167;0;851971;random_sample_d_prose_clean_text.txt;1288335;1;14;4;1;sofort ;zu ;vollstrecken, ;wegen ;Mordes ;an ;einem ;Adligen ;und ;Beleidigung ;der ;Majestät. ;Bracke ;pfiff ;zwischen ;die ;Zähne. ;Er ;warf ;den ;Brief ;in ;die ;Spree ;und ;ging ;in ;den »;Bernauischen ;Keller«, ;einen ;Schoppen ;zu ;genehmigen. ;Am ;siebenten ;Tag ;darauf ;ritt ;der ;Objekt;;
74;0;528903;random_sample_d_prose_clean_text.txt;1288335;1;14;4;1;auf ;der ;Treppe ;vernehmen ;ließ, ;störte ;den ;Jäger ;auf ;das ;angenehmste ;in ;seiner ;verdrießlichen ;Tätigkeit. ;Rasch ;warf ;er ;den ;angefangenen ;Brief ;in ;die ;Tischlade, ;sprang ;auf ;und ;begrüßte ;das ;hochgewachsene ;Weib, ;das ;jetzt ;über ;die ;Schwelle ;trat, ;mit ;den ;jubelnden ;Objekt;;
58;0;374617;random_sample_d_prose_clean_text.txt;1288335;1;14;3;2;sich ;hinein. ;Dann, ;nachdem ;der ;Krampf ;des ;Schmerzes ;sich ;gelöst ;hatte, ;nahm ;er ;ein ;Blatt ;und ;schrieb ;hastig ;einen ;langen ;Brief, ;in ;dem ;er ;sein ;ganzes ;Herz ;ausschüttete, ;alles, ;was ;er ;in ;diesem ;langen ;Jahr ;gelitten ;hatte, ;und ;sich ;leidenschaftlich ;Zusammengefasst;;
113;0;635491;random_sample_d_prose_clean_text.txt;1288335;1;14;3;2;lange ;es ;mir ;möglich ;war. ;Aber ;er ;entdeckte ;sie ;sehr ;bald, ;ich ;erkannte ;es ;schon ;aus ;einer ;Bemerkung ;in ;einem ;Brief, ;in ;dem ;er ;mir ;seinen ;Besuch ;für ;die ;Weihnachtsfeiertage ;in ;Aussicht ;stellte. ;Er ;schrieb ;dort: »;Die ;Welt ;ist ;schlecht ;Zusammengefasst;;
12;0;192209;random_sample_d_prose_clean_text.txt;1288335;1;14;3;1;besuchen ;wollte, ;baldigst ;zu ;folgen ;versprach. ;Ich ;kam ;nach ;Baden, ;fand ;aber ;weder ;meinen ;Bruder ;noch ;einen ;seine ;Abwesenheit ;erklärenden ;Brief ;in ;dem ;von ;ihm ;bestimmten ;Hotel. ;Mich ;unsäglich ;langweilend, ;wartete ;ich ;einen . . . ;zwei ;Tage. ;Der ;dritte ;Tag ;naht ;seinem ;Objekt;;
40;0;268045;random_sample_d_prose_clean_text.txt;1288335;1;14;2;1;Einliegend ;Probe ;ohne ;Wert – ;Er ;wollte ;keine ;Einschreibsendung ;machen, ;und ;diese ;Aufschrift ;schien ;einen ;gleichgültigen ;Inhalt ;vorzutäuschen. ;Ehe ;er ;den ;Brief ;in ;den ;Briefkasten ;warf, ;las ;er ;noch ;einmal ;mit ;einem ;sonderbaren ;Lächeln ;die ;Worte: ;Probe ;ohne ;Wert … ;XI ;Es ;Objekt;;
128;0;711890;random_sample_d_prose_clean_text.txt;1288335;1;14;2;1;an ;meine ;bayerische ;Heimat ;erinnere. ;Dann ;fuhren ;"wir; ";und ;unterwegs ;am ;Dorfende ;stieg ;sie ;einen ;Augenblick ;aus ;und ;warf ;ihren ;Brief ;in ;den ;Kasten. ;Es ;war, ;als ;habe ;sie ;mit ;diesem ;Brief ;eine ;Last ;von ;sich ;abgeworfen. ;Sie ;atmete ;auf ;Objekt;;
160;0;801231;random_sample_d_prose_clean_text.txt;1288335;1;14;2;1;die ;Plaza. ;Ich ;sah ;dort ;einen ;kleineren ;Trupp ;Soldaten. ;Ich ;begriff ;nicht, ;was ;der ;Mexikaner ;meinte, ;der ;da ;mit ;einem ;Brief ;in ;der ;Hand ;nicht ;in ;das ;Posthaus ;trat, ;sondern ;auf ;die ;Soldaten ;deutete. »;Warten ;Sie ;nur, ;Sie ;werden ;etwas ;Objekt;;
38;0;267859;random_sample_d_prose_clean_text.txt;1288335;1;14;2;1;aber ;liebt ;Stille, ;und ;unter ;der ;lärmlosen ;Glätte ;kann ;die ;Reue ;zusehen, ;wie ;sie ;sich ;unterduckt … ;Er ;ging, ;den ;versiegelten ;Brief ;in ;der ;Tasche, ;um ;Therese ;zu ;suchen. ;Er ;wollte ;ihr ;sagen: »;Ich ;habe ;dir ;den ;kleinen ;Schrank ;geöffnet.« ;Ferner: »;Objekt;;
51;0;305084;random_sample_d_prose_clean_text.txt;1288335;1;14;1;1;Richtung ;nach ;dem ;schmal ;auslaufenden ;Ende ;der ;Insel, ;auf ;dem ;er ;Anna ;noch ;vermuten ;durfte, ;Anna, ;die ;jetzt ;vielleicht ;seinen ;Brief ;in ;Händen ;hielt. ;Dann ;schlug ;er ;den ;Weg ;in ;die ;Stadt ;zurück ;ein. ;Dabei ;kam ;ihm ;allerhand ;in ;den ;Objekt;;
139;0;743710;random_sample_d_prose_clean_text.txt;1288335;1;14;1;1;zu ;sprechen. ;Die ;Dame ;bat ;mich ;zugleich, ;in ;diesem ;Brief ;ihre ;Namen ;nicht ;zu ;nennen, ;für ;den ;Fall, ;daß ;der ;Brief ;in ;falsche ;Hände ;gelangen ;sollte. ;Sie ;selbst ;wissen ;ja, ;welche ;Dame ;gemeint ;ist, ;und ;wer ;Sie ;heute ;abend ;auf ;Objekt;;
148;0;776023;random_sample_d_prose_clean_text.txt;1288335;1;14;1;1;aus ;dem ;Grase ;aufzuheben. »;Ehee – –« ;Dann, ;als ;es ;still ;blieb, ;bückte ;ich ;mich, ;pflückte ;eine ;Windenblüte ;und ;ließ ;dabei ;den ;Brief ;in ;meiner ;Hand ;verschwinden. ;Mit ;brennenden ;Wangen, ;als ;ob ;ich ;mich ;über ;ein ;Feuer ;gebeugt ;hätte, ;richtete ;ich ;mich ;Objekt;;
184;0;1006491;random_sample_d_prose_clean_text.txt;1288335;1;13;1;1;hin. ;Nur ;der ;Schönauer ;stand ;regungslos ;und ;hing ;mit ;bangen ;Augen ;am ;Fischer. »;Der ;Öberste ;der ;Klosterleut ;heißt ;Eberwein. ;Nach ;Brief ;und ;Recht, ;durch ;eidfeste ;Schenkung ;hat ;er ;im ;Gaden ;Herrenmacht ;über ;Land ;und ;Leut. ;Dawider ;kann ;nimmer ;Streit ;sich ;Metapher;;
183;0;1005669;random_sample_d_prose_clean_text.txt;1288335;1;13;1;1;die ;Frau ;Adelheid ;auf ;ihrem ;Sterbebett ;getan, ;von ;der ;Ankunft ;der ;Klosterleute, ;von ;ihrem ;Klausenbau ;beim ;Lokistein. »;Sie ;sind ;nach ;Brief ;und ;Siegel ;wohl ;die ;Herren ;im ;Gaden, ;Herr ;Waze ;aber ;sitzt ;auf ;seinem ;festen ;Haus ;und ;hat ;die ;Macht. ;Metapher;;
186;0;1039868;random_sample_d_prose_clean_text.txt;1288335;1;13;1;1;Mürb ;soll ;er ;werden, ;eh ;ich ;raiten ;will ;mit ;ihm. ;Und ;gibt ;er ;mir ;den ;Gaden ;nit ;zu ;Lehen ;mit ;Brief ;und ;Siegel, ;so ;soll ;er –« ;Stöhnend ;drückte ;er ;seinen ;brummenden ;Schädel ;auf ;die ;Bärenhaut. ;Nach ;einer ;Weile ;fiel ;er ;Metapher;;
60;0;374760;random_sample_d_prose_clean_text.txt;1288335;1;13;1;1;ganz ;in ;ihrem ;übermächtigen ;Gefühl ;befangen ;war. ;So ;schrieb ;er ;einen ;zweiten, ;viel ;kürzeren, ;wenn ;auch ;von ;wärmster ;Mittrauer ;erfüllten ;Brief ;und ;bat ;sie ;am ;Schlusse ;nur, ;ihm, ;wenn ;sie ;sich ;ein ;wenig ;beruhigt, ;ihre ;neue ;Wohnung ;anzugeben ;und ;dann ;Zusammengefasst;;
199;0;1132107;random_sample_d_prose_clean_text.txt;1288335;1;13;1;1;geborene ;Grün, ;zwölfhundert ;Dollar ;zugedacht. ;Nähere ;Angaben ;hätte ;Herr ;William ;Green ;nicht ;gemacht, ;auch ;seine ;Adresse ;nicht ;hinterlassen ;wollen. ;Dieser ;Brief ;und ;die ;dazu ;gehörende ;Geldsendung ;kamen ;an ;die ;Brucknersöhne, ;Salzstraße 15,;richtig ;an. ;Jetzt ;hatte ;sie ;noch 5000;Mark. ;Sie ;rechnete ;Objekt;;
130;0;716233;random_sample_d_prose_clean_text.txt;1288335;1;13;1;1;seine ;impulsiven ;Nachbarn. ;Als ;ich ;den ;Eulenkäfig ;auf ;den ;Tisch ;stellte ;und ;endlich ;eine ;Kerze ;anzündete, ;da ;fand ;ich ;einen ;Brief ;und ;ein ;Telegramm ;auf ;dem ;Tisch, ;die ;ich ;vorher ;nicht ;bemerkt ;hatte. ;Der ;Brief ;war ;eine ;längst ;ersehnte ;Antwort ;2Objekt+Zusammengefasst;;
36;0;245137;random_sample_d_prose_clean_text.txt;1288335;1;13;1;1;Und ;gab ;einen ;Brief ;ab ;von ;Senator ;Bording … ;Nicht ;gerade ;ahnungsvoll, ;aber ;doch ;in ;schnell ;aufwallender ;Neugier ;erbrach ;Landskron ;den ;Brief ;und ;las ;ihn, ;im ;Vorgarten ;stehend, ;den ;Stock ;wagrecht ;unter ;den ;linken ;Arm ;gepreßt, ;den ;Hut ;auf ;dem ;Kopf. ;Objekt;;
206;0;1258465;random_sample_d_prose_clean_text.txt;1288335;1;13;1;1;Schaukelstuhl ;geschmiegt ;und ;die ;Füße, ;mit ;roten ;Saffianpantöffelchen ;bekleidet, ;auf ;das ;dicke ;Fell ;eines ;sibirischen ;Wolfes ;gestreckt, ;entfaltete ;Josephine ;den ;Brief ;und ;las. ;Wunderliches ;genug ;stand ;darin. »;Liebste ;Gräfin,« ;schrieb ;Tante ;Renate, »;ich ;halte ;es ;für ;meine ;Pflicht, ;Sie ;über ;Brief;danach;
46;0;303915;random_sample_d_prose_clean_text.txt;1288335;1;13;1;1;langsam, ;jedes ;Wort ;bedächtig ;erwägend. ;Dann ;überlas ;sie ;das ;Geschriebene ;noch ;einmal, ;nickte ;wie ;zustimmend ;mit ;dem ;Kopf, ;schloß ;den ;Brief ;und ;legte ;ihn ;unter ;ihr ;blaugewürfeltes ;Kopfkissen. ;Vorsichtig ;umherschleichend, ;leise ;auftretend, ;als ;ob ;in ;dem ;öden, ;menschenleeren, ;kleinen ;Haus ;Objekt;;
191;0;1101777;random_sample_d_prose_clean_text.txt;1288335;1;13;1;1;ob ;ihn ;ein ;schweres ;Unglück ;getroffen ;hätte: »;Unorthographisch.« ;Ich ;konnte ;nicht ;umhin ;auszurufen: »;Gott ;sei ;Dank ;dafür!« ;und ;nehme ;den ;Brief ;und ;lese ;ihn, ;und ;es ;ist ;ein ;solcher ;Schatz ;von ;einem ;unschuldigen ;liebreizenden ;kindlichen ;Brief, ;daß ;mir ;das ;Herz ;Objekt;;
177;0;862864;random_sample_d_prose_clean_text.txt;1288335;1;13;1;1;die ;Grenzpfähle. – ;Dem ;Kaiser ;hing ;der ;antiquierte ;Zopf ;noch ;lange ;hinten ;herunter. ;Er ;wußte ;nichts ;von ;dem ;Narren ;und ;seinem ;Brief ;und ;ließ ;das ;Schwert ;und ;nicht ;den ;Geist ;regieren. ;Der ;Narr ;lebte ;fürder ;einsam ;an ;einem ;melancholischen ;See. ;Er ;Metapher;;
83;0;532556;random_sample_d_prose_clean_text.txt;1288335;1;13;1;1;ersuchte ;ihn ;daraufzuschreiben: »;Wird ;retourniert ;Im ;Auftrage ;meines ;Prinzipals. ;Schimmelreiter« ;Heißenstein ;faltete ;und ;kuvertierte ;das ;Blatt ;selbst ;über ;Rosas ;unerbrochenen ;Brief ;und ;sprach: »;Die ;Adresse ;nun!« ;Schimmelreiter ;setzte ;die ;Feder ;an ;und ;wartete. »;Wird';s?« ;rief ;jener, »;worauf ;warten ;Sie?« »;Objekt;;
169;0;852024;random_sample_d_prose_clean_text.txt;1288335;1;13;1;1;ihm ;die ;Bügel ;hielt, ;wie ;Bracke ;ihm ;den ;Brief ;ausgerichtet ;und ;ob ;dem ;Befehl ;Genüge ;getan. ;Der ;Hauptmann ;erstaunte. »;Welcher ;Brief? ;und ;welcher ;Befehl?« ;Der ;Kurfürst ;schnaubte ;ärgerlich ;durch ;die ;Nase: »;So ;lebt ;dieser ;Bracke ;noch?« ;Der ;Hauptmann ;lächelte: »;Gewiß. – ;Objekt;;
166;0;851939;random_sample_d_prose_clean_text.txt;1288335;1;10;2;1;Schreiben ;dem ;Hauptmann ;Eustachius ;von ;Schlieben, ;wenn ;Er ;wieder ;nach ;Trebbin ;zurückkehrt.« ;Bracke ;war ;entlassen. ;Im ;Tiergarten ;öffnete ;er ;den ;Brief, ;den ;er ;dem ;Hauptmann ;zu ;übergeben ;hatte. ;Er ;enthielt ;sein ;Todesurteil, ;sofort ;zu ;vollstrecken, ;wegen ;Mordes ;an ;einem ;Adligen ;Zusammengefasst;;
70;0;524538;random_sample_d_prose_clean_text.txt;1288335;1;10;2;1;Weile ;in ;Gedanken ;versunken ;und ;blickte ;dem ;Enteilenden ;nach. ;Dann ;setzte ;er ;sich ;an ;den ;Schreibtisch ;und ;verfaßte ;einen ;langen ;Brief, ;den ;er ;noch ;am ;selben ;Tage ;eigenhändig ;der ;Post ;übergab. ;Rosa ;wurde ;fortan ;unter ;strenger ;Aufsicht ;gehalten. ;Zwei ;traurige ;Objekt;;
151;0;776378;random_sample_d_prose_clean_text.txt;1288335;1;10;2;1;Republik. ;Man ;spricht ;allgemein ;davon, ;daß ;von ;einigen ;Unzufriedenen ;ein ;Staatsstreich ;vorbereitet ;werde. ;Aber ;niemand ;weiß ;etwas ;Sicheres. ;Auch ;der ;Brief, ;den ;ich ;erhielt, ;spricht ;von ;einem ;Attentat ;auf ;den ;Präsidenten ;der ;Republik, ;das ;für ;den ;Unabhängigkeitstag, ;den ;nächsten ;Sonntag, ;Zusammengefasst;;
150;0;776312;random_sample_d_prose_clean_text.txt;1288335;1;10;2;1;ist. ;Ich ;habe ;eine ;Ahnung, ;daß ;sich ;das ;alles ;in ;nächster ;Zeit ;von ;selbst ;verraten ;wird. ;Verschiedene ;Anzeichen ;und ;ein ;Brief, ;den ;ich ;heute ;von ;einer ;unbekannten ;Person ;erhielt, ;sprechen ;dafür. ;Aber ;rühre ;keine ;Hand, ;gehe ;auch ;nicht ;zum ;Präsidenten ;Kontext;;
125;0;706788;random_sample_d_prose_clean_text.txt;1288335;1;10;2;1;Pouldu, ;das ;efeubewachsen ;in ;einer ;Bodensenkung, ;tiefer ;als ;die ;Roggenfelder, ;lag, ;sollte ;der ;Kutscher ;halten ;und ;für ;die ;Dame ;einen ;Brief, ;den ;sie ;aus ;dem ;Lodenmantel ;zog, ;in ;den ;Dorfbriefkasten ;werfen. ;Ich ;bot ;mich ;an, ;den ;Brief ;dem ;Kutscher ;auf ;Objekt;;
97;0;569553;random_sample_d_prose_clean_text.txt;1288335;1;10;2;1;es ;abgesehen! ;sagt ;Regula ;zu ;sich ;selbst. ;Mein ;Geld ;wollt ;ihr, ;nicht ;mich. ;Ihr ;unruhig ;umherschweifender ;Blick ;fällt ;auf ;den ;Brief, ;den ;sie ;eben ;geschrieben ;hat, ;und ;wie ;ein ;Blitz ;durchzuckt ;es ;sie … ;Das ;ist';s – ;da ;liegt ;die ;Lösung. ;Objekt;;
8;0;176708;random_sample_d_prose_clean_text.txt;1288335;1;10;1;1;zunächst ;erst ;einmal ;meiner ;Nähe ;zu ;entreißen. ;Ich ;wußte ;aber ;auch, ;daß ;ich ;ihn ;niemals ;wiedersehen ;werde! ;Als ;ich ;seinen ;Brief, ;den ;Absagebrief ;gelesen, ;den ;meine ;Hände ;zitternd ;und ;fliegend ;gepackt, ;fiel ;ich ;wie ;tot ;zurück. ;Sechs ;Wochen ;habe ;ich ;Kontext;;
188;0;1098476;random_sample_d_prose_clean_text.txt;1288335;1;10;1;1;nahm ;die ;Ledertasche ;vom ;Gürtel ;und ;reichte ;sie ;dem ;Bruder. ;Neben ;reichlichem ;Zehrgeld ;für ;eine ;weite ;Reise ;enthielt ;sie ;den ;Brief, ;den ;Eberwein ;in ;der ;Nacht ;geschrieben. »;Es ;ist ;eine ;ernste ;Pflicht, ;die ;ich ;dir ;auferlege ;mit ;diesem ;Botengang, ;und ;Brief;danach;
85;0;532802;random_sample_d_prose_clean_text.txt;1288335;1;10;1;1;ein ;krampfhaftes ;Weinen ;aus ;und ;schluchzte: »;Mir ;verzeiht ;er, ;mir ;altem ;Esel! – ;Seinem ;armen ;Kinde ;nicht! … ;O ;Menschenherz!« ;Der ;nächste ;Brief, ;den ;Mansuet ;von ;Božena ;erhielt, ;brachte ;keinen ;Einschluß ;mehr ;von ;Rosa. ;Die ;junge ;Frau ;war ;krank. ;Sie ;hatte ;vor ;Kontext;;
96;0;556989;random_sample_d_prose_clean_text.txt;1288335;1;10;1;1;der ;angeführten ;Namen ;fehlte ;nur ;der ;des ;Professors ;Bauer. ;Von ;diesem ;Getreuen ;erwartete ;sie ;schon ;mit ;der ;morgigen ;Post ;einen ;Brief, ;den ;zu ;beantworten ;sie ;sich ;vornahm. ;Ihr ;letzter ;Gedanke, ;als ;sie ;ihr ;Haupt ;auf ;das ;Kissen ;ihres ;dürftigen ;Lagers ;hypothetischer Brief - erwarteter;;
173;0;862467;random_sample_d_prose_clean_text.txt;1288335;1;9;2;1;in ;den ;Thangkriegen ;für ;neutral ;erklärt ;hatte. ;Von ;dort ;richtete ;er ;schön ;auf ;Seidenpapier ;und ;anmutig ;und ;bilderreich ;stilisiert ;einen ;Brief ;an ;den ;Kaiser ;Thang, ;in ;dem ;er ;mit ;jugendlicher ;Freiheit ;zu ;sagen ;wagte, ;was ;eigentlich ;alle ;dachten, ;aber ;niemand ;Zusammengefasst;;
104;0;575034;random_sample_d_prose_clean_text.txt;1288335;1;9;2;1;Armen, ;und ;dieses ;kleine ;Volk ;kannte ;sie, ;die ;man ;einst ;die ;schöne, ;die ;große ;genannt, ;nur ;als – ;die ;gute ;"Božena.""";Brief ;an ;den ;Vater ;Liebster ;Vater, ;Du ;hast ;mich ;letzthin ;einmal ;gefragt, ;warum ;ich ;behaupte, ;ich ;hätte ;Furcht ;vor ;Dir. ;Brief;danach;
24;0;208651;random_sample_d_prose_clean_text.txt;1288335;1;9;1;1;wird ;schon ;das ;Bärenfell ;verteilt. ;Darum ;tu ;ich, ;was ;ich ;noch ;nie ;gewagt: ;geb' ;einem ;Dienstmann ;auf ;der ;Straße ;einen ;Brief ;an ;Deine ;Adresse. »;Ich ;muß ;Dir ;sagen – ;was ;Du ;höchstwahrscheinlich ;zwar ;schon ;weißt – ;mein ;Mann ;will ;Senator ;werden! ;Meinen ;Brief;danach;
64;0;459798;random_sample_d_prose_clean_text.txt;1288335;1;9;1;1;doch, ;als ;du ;den ;ersten ;Tag ;in ;der ;Schule ;gewesen ;warst ;und ;gerade ;die ;ersten ;Buchstaben ;gelernt ;hattest, ;gleich ;einen ;Brief ;an ;Großmama ;schreiben, ;holtest ;dir ;Briefbogen, ;Tintenfaß, ;Feder ;und ;alles ;zusammen, ;aber ;als ;du ;anfangen ;wolltest ;zu ;schreiben, ;da ;hypothetischer Brief - ungeschgrieben;;
13;0;192261;random_sample_d_prose_clean_text.txt;1288335;1;9;1;1;erinnere! ;Es ;war ;gegen ;Abend ;und ;sehr ;schwül. ;Ich ;saß ;bei ;heruntergelassenen ;Gardinen ;an ;meinem ;Schreibtisch ;und ;hatte ;soeben ;einen ;Brief ;an ;Sonja ;beendet. ;Nun ;griff ;ich ;nachlässig ;nach ;einer ;französischen ;Zeitung, ;einem ;Figaro. ;Ich ;las ;einen ;Wetterbericht, ;dann ;eine ;Kontext;;
14;0;192416;random_sample_d_prose_clean_text.txt;1288335;1;9;1;1;schwarzer ;Fleck, ;vor ;dem ;mir ;graut. ;Als ;ich ;wieder ;zur ;Besinnung ;kam, ;war ;das ;Erste, ;worauf ;mein ;Blick ;fiel, ;mein ;Brief ;an ;Sonja. ;Ich ;brach ;ihn ;auf ;und ;las ;ihn ;zweimal ;langsam ;vom ;Datum ;bis ;zur ;Unterschrift ;durch. ;Dann ;zerriß ;Kontext;;
185;0;1018195;random_sample_d_prose_clean_text.txt;1288335;1;9;1;1;über ;den ;"Rand; ";rote ;Flecken ;erschienen ;auf ;seinen ;bleichen ;"Backen; ";bei ;dem ;zitternden ;Eifer, ;mit ;dem ;er ;im ;Buch ;den ;Brief ;an ;Timotheus ;suchte, ;fielen ;einzelne ;Blätter ;aus ;dem ;Bande, ;vergilbt ;und ;brüchig, ;mit ;halberloschener ;Schrift, ;an ;Kanten ;und ;Ecken ;Objekt;;
95;0;556943;random_sample_d_prose_clean_text.txt;1288335;1;9;1;1;er ;sich ;auf ;seiner ;Zunge ;in ;den ;edelsten ;Johannisberger. ;Regula ;hatte ;den ;Nachmittag ;ihrer ;Korrespondenz ;gewidmet. ;Sie ;schrieb ;einen ;langen ;Brief ;an ;Wenzel ;und ;einen ;nicht ;viel ;kürzeren ;an ;Mansuet. ;Dem ;letzteren ;trug ;sie ;Grüße ;auf ;an ;alle ;ihre ;Bekannten ;Zusammengefasst;;
140;0;743751;random_sample_d_prose_clean_text.txt;1288335;1;9;1;1;Korso ;erwartet.« ;Erstaunlich! – ;Die ;Erde ;beginnt ;zu ;beben ;und ;mein ;Schicksal ;auch, ;dachte ;ich ;für ;mich. ;Ich ;wollte ;zuerst ;den ;Brief ;an ;der ;Kerze, ;die ;mir ;der ;Boy ;zum ;Zigarrenanzünden ;reichte, ;verbrennen, ;besann ;mich ;aber ;und ;steckte ;ihn ;in ;meine ;Objekt;;
30;0;242826;random_sample_d_prose_clean_text.txt;1288335;1;8;2;1;dem ;Essen ;und ;Ball ;des ;Kontors ;sich ;sehen ;zu ;lassen. ;Frühzeitig ;kleidete ;er ;sich ;an, ;denn ;er ;dachte ;noch ;einen ;Brief ;zu ;schreiben, ;den ;Schrötter ;austragen ;sollte, ;ehe ;auch ;er ;sich ;zum ;Fest ;der ;Speicherarbeiter ;begab. ;Als ;er ;in ;seinem ;hypothetischer Brief - ungeschgrieben;;
181;0;924817;random_sample_d_prose_clean_text.txt;1288335;1;8;2;1;Rouleaus ;und ;konnte ;nichts ;"beginnen; ";hatte ;nicht ;die ;Geduld, ;ein ;Buch, ;kaum, ;eine ;Zeitung ;zu ;lesen, ;war ;nicht ;imstande, ;einen ;Brief ;zu ;schreiben, ;tat ;nichts ;als ;Zigaretten ;rauchen, ;eine ;nach ;der ;andern, ;daß ;das ;Zimmer ;ganz ;im ;blaugrauen ;Dunste ;dalag. ;hypothetischer Brief - ungeschgrieben;;
211;0;1275834;random_sample_d_prose_clean_text.txt;1288335;1;8;1;1;der ;furchtbarste ;unter ;all ;dem ;Kummer, ;welchen ;ich ;durchkostete.« ;Ein ;seliges ;Lächeln ;hatte ;Reimars ;ehrliches ;Antlitz ;verklärt, ;als ;er ;diesen ;Brief ;zu ;Ende ;las. ;Ja, ;das ;war ;wieder ;sein ;glücklicher, ;lachender ;Liebling ;von ;ehedem, ;welcher ;diese ;Zeilen ;geschrieben ;hatte, ;und ;Kontext;;
127;0;711743;random_sample_d_prose_clean_text.txt;1288335;1;8;1;1;Dame ;Lust ;hätte, ;mit ;mir ;zum ;Waldfest ;zu ;fahren. ;Sie ;erschien ;am ;Fenster ;und ;sagte, ;sie ;habe ;noch ;rasch ;einen ;Brief ;zu ;"beenden; ";aber ;wenn ;ich ;warten ;könnte, ;würde ;sie ;mitkommen. ;Sie ;kam ;dann, ;und ;ich ;glaubte, ;da ;es ;schönes ;Objekt;;
207;0;1259078;random_sample_d_prose_clean_text.txt;1288335;1;8;1;1;es ;ist ;merkwürdig, ;daß ;alle ;Wetters ;über ;Nacht ;zu ;Charakteren ;werden. ;Da ;wäre ;es ;vielleicht ;gut, ;wenn ;Sie ;ihr ;diesen ;Brief ;zu ;lesen ;gäben! ;Alt ;genug ;ist ;sie ;ja, ;und ;außerdem ;thut';s ;nichts, ;wenn ;sie ;über ;sich ;und ;ihre ;Objekt;;
142;0;744019;random_sample_d_prose_clean_text.txt;1288335;1;8;1;1;Opfer ;haben ;wie ;der ;Atlant«, ;fügte ;die ;Engländerin ;hinzu. – ;Ich ;saß ;am ;Schreibtisch. ;Meine ;Zigarre ;war ;ausgegangen. ;Ich ;hatte ;den ;Brief ;zu ;mir ;gesteckt. ;In ;der ;linken ;Brusttasche ;trug ;ich ;die ;Einladung ;zur ;Mexikanerin, ;in ;der ;rechten ;Brusttasche ;die ;Todesnachricht ;Zusammengefasst;;
52;0;365010;random_sample_d_prose_clean_text.txt;1288335;1;8;1;1;Wolke, ;von ;keinem ;einzigen ;Stern ;erhellt, ;jeden ;Ausblick ;ihm ;hoffnungslos ;zu ;verschließen ;schien. ;Er ;setzte ;sich ;endlich ;und ;begann ;einen ;Brief ;zu ;schreiben ;an ;seine ;arme ;Liebste, ;die ;ihm ;so ;plötzlich ;ihr ;Herz ;abgewendet ;hatte. ;Nicht ;um ;seine ;Schuld ;in ;Kontext;;
123;0;679434;random_sample_d_prose_clean_text.txt;1288335;1;8;1;1;es ;da ;nicht ;sehr ;gut ;von ;mir, ;daß ;ich ;alle ;meine ;Arbeit ;stehen ;und ;liegen ;lasse, ;um ;Ihnen ;einen ;langen ;Brief ;zu ;schreiben? ;Ich ;male ;es ;mir ;ganz ;deutlich ;aus, ;mit ;welcher ;Ungeduld ;Sie ;den ;Postboten ;erwarten, ;mit ;welcher ;Spannung ;Kontext;;
99;0;571374;random_sample_d_prose_clean_text.txt;1288335;1;7;1;1;über ;Haare ;und ;Wangen ;und ;sagte ;mit ;ihrer ;ängstlichen ;und ;hilflosen ;Stimme: »;Nur ;Mut, ;nur ;Mut!« ;Regula ;hatte ;indessen ;den ;Brief ;der ;Baronin ;erhalten ;und ;einen ;zweiten ;Boten ;nach ;der ;Eisenbahnstation ;expediert. ;Er ;war ;der ;Träger ;eines ;Telegrammes, ;das ;an ;Kontext;;
155;0;781200;random_sample_d_prose_clean_text.txt;1288335;1;7;1;1;dem ;Sekretär, ;mit ;dem ;ich ;bekannt ;war, ;im ;eisernen ;Tresor ;der ;Gesandtschaft ;deponiert. ;Höchstens ;ein ;paar ;Briefe ;aus ;Europa, ;den ;Brief ;der ;Engländerin, ;der ;mir ;den ;Selbstmord ;der ;Österreicherin ;aus ;Pouldu ;anzeigte, ;und ;ein ;paar ;Ansichtspostkarten ;konnten ;die ;Herren ;von ;Zusammengefasst;;
208;0;1259669;random_sample_d_prose_clean_text.txt;1288335;1;7;1;1;unklar! ;Günther ;liebte ;sie ;ja ;und ;hielt ;sie ;doch ;für ;arm. ;Das ;war ;mehr ;wert, ;als ;Millionen! ;Sie ;faltete ;den ;Brief ;der ;Freifrau ;zusammen ;und ;brachte ;ihn ;der ;Gräfin ;zurück. »;Nun, ;Josephinchen, ;wirst ;Du ;jetzt ;übermütig ;werden?« ;lächelte ;diese. ;Gänseliesel ;Objekt;;
143;0;746724;random_sample_d_prose_clean_text.txt;1288335;1;7;1;1;ein ;Stelldichein ;mit ;dem ;Leben ;erwartet ;und ;war ;dem ;Tod ;begegnet. ;Gestern, ;als ;mich ;zum ;erstenmal ;wieder ;das ;Leben ;im ;Brief ;der ;Mexikanerin ;zu ;sich ;geladen, ;da ;stellte ;sich ;sofort ;auch ;eine ;Tote ;aus ;Europa ;daneben ;und ;machte ;mich ;todmüde. ;Metapher;;
31;0;243157;random_sample_d_prose_clean_text.txt;1288335;1;7;1;1;starken ;Wunsch ;Erfüllung ;werden ;kann. ;In ;besonderer ;Verehrung ;bin ;ich ;Ihr ;Ihnen ;hochachtungsvoll ;ergebener ;Jakob ;Martin ;Bording.« ;Das ;war ;der ;Brief, ;der ;die ;Entscheidung ;über ;sein ;eigenes ;und ;noch ;ein ;anderes ;Leben ;herbeiführen ;sollte. ;Daß ;die ;Entwicklung ;der ;Dinge ;ihm ;Kontext;;
32;0;243516;random_sample_d_prose_clean_text.txt;1288335;1;7;1;1;daß ;noch ;mal ;im ;Briefkasten ;nachgesehen ;werde. ;Richtig, ;da ;war ;eine ;ganze ;Menge. ;Stadtpostsachen. ;Wohl ;meist ;Glückwunschkarten. ;Und ;noch ;ein ;Brief, ;der ;keine ;Freimarke ;hatte, ;also ;von ;einem ;besonderen ;Boten ;in ;den ;Kasten ;gesteckt ;worden ;war. ;Schrötter ;sah, ;daß ;ein ;Kontext;;
149;0;776121;random_sample_d_prose_clean_text.txt;1288335;1;7;1;1;klug ;gerufen ;hast, ;möge ;dich ;die ;Venus ;drüben ;in ;Europa ;dafür ;bis ;an ;dein ;Lebensende ;segnen! ;Ich ;fühlte ;den ;kühlen ;Brief, ;der ;sich ;in ;meiner ;Hand ;wärmte, ;und ;drückte ;ihn ;leidenschaftlich, ;als ;wäre ;er ;die ;Hand ;der ;Venus. ;Dann ;ging ;Objekt;;
84;0;532631;random_sample_d_prose_clean_text.txt;1288335;1;6;3;1;und ;sogleich!« ;Aber ;der ;Befehl ;reute ;ihn, ;sobald ;er ;gegeben ;war. ;Mit ;einem ;mißtrauischen ;Blick ;nahm ;er ;seinem ;Untergebenen ;den ;Brief ;aus ;der ;Hand ;und ;steckte ;ihn ;zu ;sich. »;Lassen ;Sie';s«, ;sprach ;er, »;ich ;gehe ;ohnehin ;aus – ;komme ;wohl ;Objekt;;
215;0;1279045;random_sample_d_prose_clean_text.txt;1288335;1;6;3;1;man';s, ;wie ;sie ;mit ;mir ;altem ;Manne ;umgehen!« ;scherzte ;er. »;Voilà ;das ;Skriptum ;Hattenheim,« ;fuhr ;Josephine ;heiter ;fort, ;einen ;Brief ;aus ;der ;Kleidertasche ;ziehend, ;um ;ihn ;feierlichst ;zu ;entfalten ;und ;seinen ;Inhalt ;laut ;vorzutragen: »;Mein ;gnädigstes ;Fräulein! ;Da ;haben ;Brief;danach;
209;0;1266819;random_sample_d_prose_clean_text.txt;1288335;1;6;3;1;wenigstens ;nicht ;für ;reich ;genug, ;um ;ein ;Gut, ;wie ;Lehrbach, ;ankaufen ;zu ;können!« ;sagte ;er ;wie ;entschuldigend. ;Josephine ;zog ;einen ;Brief ;aus ;der ;Tasche. »;Lesen ;Sie!« ;Hattenheim ;blickte ;sie ;erst ;betroffen ;und ;unschlüssig ;an, ;dann ;entfaltete ;er ;gehorsam ;das ;Schreiben ;Objekt;;
147;0;776002;random_sample_d_prose_clean_text.txt;1288335;1;6;1;1;con ;carne – ;con ;dulce… ;ehee.« ;Ich ;hörte ;ihr ;noch ;lange ;zu, ;ohne ;mich ;von ;der ;Stelle ;zu ;rühren, ;ohne ;den ;Brief ;aus ;dem ;Grase ;aufzuheben. »;Ehee – –« ;Dann, ;als ;es ;still ;blieb, ;bückte ;ich ;mich, ;pflückte ;eine ;Windenblüte ;und ;ließ ;dabei ;Objekt;;
17;0;198399;random_sample_d_prose_clean_text.txt;1288335;1;6;1;1;Gefühlen ;er ;ihre ;armen ;schwankenden ;Buchstaben ;las, ;wissen ;wir ;nicht, ;wir ;wissen ;nur, ;daß ;er ;ihr ;einen ;langen, ;langen ;unorthographischen ;Brief ;aus ;großen ;Quartblättern ;antwortete, ;so ;einen ;Brief, ;wie ;man ;sie ;damals ;noch ;schrieb, ;als ;der ;Postverkehr ;schwierig ;und ;der ;Kontext;;
27;0;223654;random_sample_d_prose_clean_text.txt;1288335;1;6;1;1;Aussprüche. ;Während ;seine ;Tochter ;ihm ;das ;brennende ;Zündholz ;hinhielt, ;sagte ;er: »;Laß ;noch, ;Kind – ;und ;sieh ;da!« ;Er ;nahm ;einen ;Brief ;aus ;seiner ;Brusttasche. ;Sich ;seiner ;Veranlagung ;zur ;Unschlüssigkeit ;wohl ;bewußt, ;hatte ;er ;den ;Ausweg ;gefunden, ;seiner ;Frau ;Dinge ;zu ;Kontext;;
94;0;543022;random_sample_d_prose_clean_text.txt;1288335;1;6;2;1;um ;ihm ;für ;die ;Teilnahme ;zu ;danken, ;die ;er ;ihr ;bei ;Gelegenheit ;des ;Todes ;ihrer ;unvergeßlichen ;Mutter ;ausgesprochen ;hatte. ;Ihr ;Brief ;war ;mit ;all ;der ;Zurückhaltung ;verfaßt, ;die ;höchste ;Wohlerzogenheit ;einer ;jungen ;Dame ;einem ;jungen ;Herrn ;gegenüber ;"auferlegt; ";der ;Stil ;Kontext;;
75;0;531224;random_sample_d_prose_clean_text.txt;1288335;1;6;2;1;konnte ;auf ;den ;Gemütszustand ;ihres ;Mannes ;schädlich ;wirken. ;Sie ;fühlte ;die ;Verpflichtung, ;sich ;mit ;seinem ;Inhalt ;bekannt ;zu ;machen. ;Der ;Brief ;war ;mit ;dem ;Herzblut ;des ;Kindes ;geschrieben ;und ;manche ;Träne ;war ;auf ;ihn ;gefallen. ;Nannette ;ist ;so ;ergriffen ;und ;Kontext;;
158;0;795733;random_sample_d_prose_clean_text.txt;1288335;1;6;1;1;vor, ;die ;mich ;bat, ;nach ;Tlalpam ;zu ;kommen: ;sie ;hätte ;eine ;große ;Sehnsucht, ;mit ;mir ;von ;Orla ;zu ;sprechen. ;Der ;Brief ;war ;aber ;schon ;sehr ;alt ;und ;hatte ;von ;meiner ;alten ;Wohnung ;an ;der ;Glorieta ;den ;Weg ;durchs ;Polizeibureau ;genommen ;Kontext;;
131;0;716247;random_sample_d_prose_clean_text.txt;1288335;1;6;1;1;Kerze ;anzündete, ;da ;fand ;ich ;einen ;Brief ;und ;ein ;Telegramm ;auf ;dem ;Tisch, ;die ;ich ;vorher ;nicht ;bemerkt ;hatte. ;Der ;Brief ;war ;eine ;längst ;ersehnte ;Antwort ;und ;das ;Telegramm ;gleichfalls: ;ich ;sollte ;als ;Abgesandter ;einer ;geographischen ;Gesellschaft ;eine ;Reise ;nach ;Zusammengefasst;;
21;0;208277;random_sample_d_prose_clean_text.txt;1288335;1;6;1;1;ein ;Brief! ;Das ;hatte ;er ;keinen ;Augenblick ;vergessen – ;keinen, ;bei ;all ;den ;Gesprächen ;mit ;Georg ;Burmeester. ;Das ;Wissen ;von ;diesem ;Brief ;war ;immer ;in ;ihm ;gewesen, ;auch ;während ;er ;so ;in ;schwerem ;Grübeln ;stand. ;Denn ;er ;las ;es ;in ;Schrötters ;Kontext;;
214;0;1278940;random_sample_d_prose_clean_text.txt;1288335;1;6;1;1;entweder ;Alles ;an ;die ;Josephine ;schreiben, ;was ;ich ;will, ;oder ;gar ;nichts.« ;Josephine ;schlug ;ganz ;erschrocken ;die ;Augen ;nieder. »;Der ;Brief ;war ;von ;Herrn ;von ;Hattenheim!« ;sagte ;sie ;schnell. »;So? ;Und ;was ;will ;denn ;unser ;braver ;Reimar?« ;Halb ;unschlüssig ;blickte ;Kontext;;
82;0;532181;random_sample_d_prose_clean_text.txt;1288335;1;3;1;1;nicht ;in ;die ;Notwendigkeit ;versetzen, ;mich ;mit ;Schimpf ;und ;Schande ;aus ;dem ;Hause ;zu ;jagen. ;Und ;hier« – ;er ;legte ;einen ;Brief ;auf ;den ;Stempelbogen – »;ein ;heut ;morgens ;eingelangtes, ;an ;meinen ;Herrn ;Prinzipal ;durch ;mich ;zu ;übermittelndes ;Schreiben.« ;Heißenstein ;sah ;abwechselnd ;Kontext;;
22;0;208398;random_sample_d_prose_clean_text.txt;1288335;1;3;1;1;des ;Fensters, ;nach ;dem ;Kirchenplatz ;zu, ;stand ;der ;große ;Diplomatenschreibtisch. ;Da ;lag, ;sehr ;hell ;im ;blassen ;Lila ;seines ;Papiers, ;der ;Brief ;auf ;der ;dunkelbraunen ;Tuchplatte. ;Er ;lag ;so, ;daß ;die ;Aufschrift ;nach ;unten ;gekehrt ;war ;und ;das ;Siegel ;von ;dunklem ;Objekt;;
66;0;479575;random_sample_d_prose_clean_text.txt;1288335;1;3;1;1;schon ;gelernt ;hatte, ;und ;wenn ;Tinte ;und ;Papier ;da ;waren, ;was ;ich ;auch ;nicht ;weiß. ;Aber ;wie ;sollte ;denn ;der ;Brief ;auf ;die ;andere ;Insel ;rüberkommen? ;Ursula: ;Na, ;durch ;die ;Post. ;Johannes: ;Um ;Himmels ;willen, ;Schwesterchen, ;du ;glaubst ;doch ;nicht, ;Objekt;;
170;0;852090;random_sample_d_prose_clean_text.txt;1288335;1;3;1;1;Hand. »;Der ;Herr ;Kurfürst ;wünschen?« ;Der ;Kurfürst ;packte ;seinen ;Degenknauf, ;der ;ein ;bäuerliches ;Liebespaar ;in ;Umarmung ;darstellte. »;Er ;hat ;meinen ;Brief ;dem ;Herrn ;Hauptmann ;nicht ;übergeben?« »;Welchen ;Brief?« »;Den ;ich ;ihm ;vor ;sieben ;Tagen ;einhändigte?« ;Bracke ;besann ;sich. »;Der ;Herr ;Objekt;;
126;0;706804;random_sample_d_prose_clean_text.txt;1288335;1;3;1;1;für ;die ;Dame ;einen ;Brief, ;den ;sie ;aus ;dem ;Lodenmantel ;zog, ;in ;den ;Dorfbriefkasten ;werfen. ;Ich ;bot ;mich ;an, ;den ;Brief ;dem ;Kutscher ;auf ;den ;Bock ;zu ;reichen, ;wurde ;aber ;von ;zwei ;mißtrauischen ;jungen ;Mädchenaugen ;leicht ;dankend ;abgewiesen ;und ;zog ;Objekt;;
3;0;141900;random_sample_d_prose_clean_text.txt;1288335;1;3;1;1;sagte ;er ;dann ;plötzlich, ;setzte ;sich ;an ;einen ;Tisch ;und ;schrieb. »;Ihr ;Wunsch ;ist ;erfüllt!« ;Er ;klingelte ;und ;übergab ;den ;Brief ;dem ;eintretenden ;Diener ;zur ;Besorgung ;in ;das ;Dorf. »;Der ;Arzt ;wird ;in ;spätestens ;ein, ;zwei ;Stunden ;hier ;oben ;sein. ;Brief;davor;
50;0;304982;random_sample_d_prose_clean_text.txt;1288335;1;3;2;1;Rasch ;machte ;er ;sich ;auf ;den ;Weg ;und ;hatte ;bald ;gefunden, ;was ;er ;brauchte. ;Nach ;kaum ;zehn ;Minuten ;war ;der ;Brief ;nach ;dem ;Haff ;unterwegs. ;Um ;sechs ;Uhr ;hatte ;er ;Anna ;in ;die ;Bucht ;an ;der ;Mole ;bestellt. ;Vom ;Kirchturm ;Zusammengefasst;;
144;0;748514;random_sample_d_prose_clean_text.txt;1288335;1;3;2;1;die ;Luft ;liebeslüstern ;und ;verführerisch ;durchzog. ;Ich ;nahm ;der ;Dame ;endlich ;die ;Lampe ;sanft ;aus ;der ;Hand ;und ;beleuchtete ;einen ;Brief ;nach ;dem ;andern, ;und ;als ;der ;Lampenstrahl ;nicht ;mehr ;die ;nackten ;Brüste ;des ;schönen ;Weibes ;beschien, ;wurde ;ich ;sachlich ;Kontext;;
179;0;921272;random_sample_d_prose_clean_text.txt;1288335;1;3;1;1;auf ;einmal ;vollzählig ;da. ;Sie ;nahmen ;Beschlag ;von ;allem, ;was ;da ;war, ;und ;eines ;Tages ;kam ;von ;der ;Liese ;ein ;Brief ;nach ;Hause, ;worin ;sie ;ihren ;Vater ;bat, ;er ;möge ;ihr ;ein ;Reisegeld ;schicken, ;damit ;sie ;so ;bald ;als ;möglich ;Zusammengefasst;;
55;0;374094;random_sample_d_prose_clean_text.txt;1288335;1;2;1;1;zumal ;seit ;er ;zum ;Professor ;ernannt ;worden ;war ;und ;seine ;Vorlesungen ;vorzubereiten ;hatte. ;Da ;erhielt ;er ;eines ;Tages ;einen ;schwarzumränderten ;Brief. ;Auf ;dem ;Stempel ;stand ;Santa ;Margherita, ;die ;Handschrift ;war ;Crones. ;Sie ;schrieb: »;Lieber ;Freund! »;Ich ;muß ;Ihnen ;mitteilen, ;daß ;Brief;danach;
200;0;1135475;random_sample_d_prose_clean_text.txt;1288335;1;2;1;1;Tasso ;und ;was ;halt ;so ;zur ;italienischen ;Sprache ;gehört. ;An ;seine ;Tochter ;Irene ;schrieb ;er ;an ;diesem ;Abend ;einen ;kurzen ;Brief. »;Auf ;meinem ;Schiffe, ;das ;nach ;Ägypten ;fährt, ;sind ;zwei ;Söhne ;des ;verstorbenen ;Geheimrats ;Bruckner, ;Herr ;Referendar ;Richard ;Bruckner ;und ;Brief;danach;
134;0;741240;random_sample_d_prose_clean_text.txt;1288335;1;2;1;1;daß ;meine ;freie ;Zeit ;mir ;täglich ;nur ;zu ;einer ;knappen ;Reitstunde ;reichte. ;Da ;erhielt ;ich ;eines ;Morgens ;im ;Bett ;einen ;Brief. ;Die ;blonde ;Dame ;schrieb, ;ich ;möchte ;nicht ;mehr ;mit ;ihrem ;Mann ;von ;der ;Abreise ;sprechen. ;Sie ;fühle ;sich ;allmählich ;Zusammengefasst;;
141;0;743949;random_sample_d_prose_clean_text.txt;1288335;1;2;1;1;und ;nach ;der ;Österreicherin, ;erkundigt ;hatte. »… ;und ;außerdem ;habe ;ich ;Ihnen ;noch ;eine ;recht ;traurige ;Nachricht ;mitzuteilen«, ;so ;schloß ;der ;Brief. »;Die ;Österreicherin, ;die ;uns ;allen ;so ;rätselhaft ;erschien, ;ist ;nicht ;mehr ;unter ;den ;Lebenden. ;Sie ;hat ;sich ;in ;Paris ;Brief;davor;
43;0;280562;random_sample_d_prose_clean_text.txt;1288335;1;2;1;1;sie ;ließ ;den ;Brief ;sinken. »;Was ;ist ;geschehen – ;was?« »;Ich ;würde ;es ;dir ;völlig, ;für ;immer ;verschwiegen ;haben. ;Aber ;dieser ;Brief …« ;Er ;räusperte ;sich ;etwas. »;Ja, ;also … ;deine ;Mutter ;war ;heut ;bei ;mir ;im ;Kontor – ;es ;schien, ;als ;wolle ;sie ;Kontext;;
54;0;373728;random_sample_d_prose_clean_text.txt;1288335;1;2;1;1;zu ;zerstreuen, ;wenn ;es ;Nacht ;würde ;und ;er ;nicht ;zurückkehrte. ;Am ;nächsten ;Morgen ;schrieb ;er ;ihr ;einen ;langen ;traurig-;herzlichen ;Brief. ;Er ;sei ;entschlossen, ;sie ;nie ;wiederzusehen ;und ;den ;Seehof ;nie ;mehr ;zu ;betreten. ;Er ;dankte ;ihr ;für ;alle ;Liebe, ;Zusammengefasst;;
47;0;304352;random_sample_d_prose_clean_text.txt;1288335;1;2;1;1;daß ;der ;Aufseher ;erschreckt ;vor ;ihm ;zurückfuhr. ;Wahrhaftig ;wie ;ein ;Verurteilter, ;nicht ;wie ;ein ;Freigesprochener ;sah ;der ;Mann ;aus. »;Ein ;Brief, ;Herr ;Lehrer. ;Ein ;Junge ;aus ;Ihrem ;Dorf ;hat ;ihn ;gebracht.« ;Ein ;Schimmer ;von ;Farbe ;stieg ;in ;Hans ;Hagens ;bleiches ;Kontext;;
195;0;1118767;random_sample_d_prose_clean_text.txt;1288335;1;2;1;1;wohl ;aus ;"Stolz; ";meine ;Versuche, ;helfend ;einzugreifen, ;wurden ;höflich, ;aber ;bestimmt ;"zurückgewiesen; ";von ;ihrem ;Tode ;erfuhr ;ich ;erst ;durch ;Ihren ;Brief.« »;Herr ;Präsident, ;ich ;bitte ;um ;nichts ;mehr ;als ;um ;die ;Beantwortung ;von ;zwei ;Fragen.« »;Nun?« »;Die ;erste ;Frage ;ist: ;Kontext;;
109;0;591270;random_sample_d_prose_clean_text.txt;1288335;1;2;1;1;Verhältnisses ;Neues ;beiträgt, ;leugne ;ich ;nicht. ;So ;können ;natürlich ;die ;Dinge ;in ;Wirklichkeit ;nicht ;aneinanderpassen, ;wie ;die ;Beweise ;in ;meinem ;Brief, ;das ;Leben ;ist ;mehr ;als ;ein ;"Geduldspiel; ";aber ;mit ;der ;Korrektur, ;die ;sich ;durch ;diesen ;Einwurf ;ergibt, ;einer ;Korrektur, ;Kontext;;
145;0;748543;random_sample_d_prose_clean_text.txt;1288335;1;2;1;1;mehr ;die ;nackten ;Brüste ;des ;schönen ;Weibes ;beschien, ;wurde ;ich ;sachlich ;und ;las. ;Dreimal ;stand ;dasselbe ;da ;geschrieben, ;in ;jedem ;Brief ;das ;"gleiche; ";nur ;war ;die ;Schrift ;dreimal ;verschieden ;verstellt. ;Der ;Schreiber ;sagte, ;daß ;dem ;Abbé ;eine ;Lebensgefahr ;drohe, ;und ;Zusammengefasst;;
194;0;1118418;random_sample_d_prose_clean_text.txt;1288335;1;2;1;1;zu ;haben ;sind. ;Ich ;bin ;sein ;einziges ;Kind. ;Gegenwärtig ;ist ;er ;auf ;einer ;"Geschäftsreise; ";aber ;heute ;früh ;bekam ;ich ;einen ;Brief, ;er ;hätte ;Schiffskarten ;nach ;Korfu, ;Athen, ;Konstantinopel, ;Alexandria, ;Kairo ;genommen, ;dann ;soll ;es ;über ;Sizilien, ;Neapel, ;Rom, ;Gardasee ;nach ;Zusammengefasst;;
110;0;597629;random_sample_d_prose_clean_text.txt;1288335;1;2;1;1;sei ;ein ;Lump! ;und ;ging. – ;Er ;erwartete ;sie ;vergeblich ;an ;diesem ;Tag, ;auch ;am ;nächsten. ;Eine ;Woche ;darauf ;kam ;ein ;Brief: ;er ;sei ;der ;einzige, ;den ;sie ;zu ;bitten ;wage. ;Sie ;habe ;ihre ;Stellung ;aufgegeben ;und ;möchte ;in ;ihre ;Heimat. ;Zusammengefasst;;
116;0;645391;random_sample_d_prose_clean_text.txt;1288335;1;2;2;1;Schwester, ;und ;Mama ;hatte ;nie ;Geschwister.« ;Frau ;v. ;Mansfeld ;überlegte ;eine ;Weile, ;dann ;sagte ;sie ;bedächtig: »;Ich ;habe ;eben ;einen ;Brief ;erhalten, ;der ;mir ;zuerst ;zu ;sehr ;unrechter ;Zeit ;zu ;kommen ;schien, ;der ;uns ;aber ;vielleicht ;einen ;passenden ;Ausweg ;aus ;Kontext;;
16;0;193005;random_sample_d_prose_clean_text.txt;1288335;1;2;2;1;in ;der ;Hand ;hält, ;dann ;beginnt ;sie ;stotternd ;und ;mit ;gebrochener ;Stimme: »;Vor ;drei ;Tagen ;habe ;ich ;einen ;sehr ;häßlichen ;Brief ;erhalten, ;der ;mit ;Ihrem ;Namen ;unterzeichnet ;"war; ";ich ;hielt ;ihn ;für ;eine ;Fälschung, ;die ;Schrift ;schien ;so ;fremd . . . ;wäre ;Kontext;;
193;0;1102000;random_sample_d_prose_clean_text.txt;1288335;1;2;1;1;würde ;ich ;mich ;geworfen ;haben, ;hingeritten ;wäre ;ich ;und ;hätte ;auf ;eigene ;Gefahr ;nach ;Folt ;depeschiert: »;Unvorhergesehene ;Hindernisse, ;Ankunft ;zweifelhaft, ;Brief ;folgt.« ;Aber ;damals, ;da ;war ;es ;so ;bei ;uns, ;daß ;der ;Postmeister ;von ;Türsdorf, ;wie ;ich ;zum ;erstenmal ;das ;Brief;Teil des Briefs;
212;0;1278871;random_sample_d_prose_clean_text.txt;1288335;1;2;1;1;ernähren ;sollte! ;Alle ;vier ;Tage ;eine ;Karte ;mit ;den ;lakonisch ;diktatorischen ;Worten: »;Wie ;geht ;es ;Papa? ;Bitte ;dringend ;um ;Bulletins! ;Brief ;folgt.« ;Punktum! ;Oft ;spart ;er ;sich ;sogar ;die ;Unterschrift, ;und ;wenn ;dann ;wirklich ;dieser ;Brief ;folgt, ;dann ;ist ;er ;Brief;Teil des Briefs;
122;0;678372;random_sample_d_prose_clean_text.txt;1288335;1;2;1;1;günstigen ;Bescheid ;Deiner ;Erna. ;Rose ;Grund ;an ;Erna ;v. ;Westheim. ;Lindenhorst, ;den 15.;August. ;Liebe ;süße ;Herzens-;Erna! ;Als ;ich ;Deinen ;Brief ;gelesen ;hatte, ;habe ;ich ;mich ;hingesetzt ;und ;geweint, ;wie ;noch ;kaum ;in ;meinem ;ganzen ;"Leben; ";es ;ging ;mir ;wie ;Brief;Teil des Briefs;
162;0;817339;random_sample_d_prose_clean_text.txt;1288335;1;2;1;1;ich ;anders ;handeln, ;als ;es ;mir ;die ;Liebe ;zu ;Dir ;vorschreibt.« »;O ;wie ;töricht«, ;rief ;mein ;Blut, ;als ;ich ;den ;Brief ;gelesen ;hatte. »;Die ;Welt ;ist ;eine ;Raubwelt, ;und ;man ;muß ;sich ;die ;Liebe ;in ;ihr ;rauben, ;und ;nicht ;die ;Kontext;;
57;0;374418;random_sample_d_prose_clean_text.txt;1288335;1;2;1;1;gut. ;Daß ;mich ;diese ;Hoffnung ;nicht ;täusche, ;ist ;der ;innige ;Wunsch ;Ihrer ;Crone.« ;Wohl ;eine ;Stunde ;lang, ;nachdem ;er ;diesen ;Brief ;gelesen, ;saß ;Helmbrecht ;regungslos ;an ;seinem ;Schreibtisch ;und ;suchte ;sich ;in ;dem ;Gewühl ;seiner ;dunklen, ;schmerzlichen ;Gefühle ;zurechtzufinden. ;Der ;Brief;davor;
37;0;245386;random_sample_d_prose_clean_text.txt;1288335;1;2;1;1;Decke ;stickend – ;da ;erlebte ;er ;eine ;Überraschung, ;von ;der ;er ;sich ;noch ;nicht ;ganz ;erholt ;hatte. ;Als ;die ;Senatorin ;den ;Brief ;gelesen, ;wobei ;auf ;ihrem ;breiten, ;flachen ;Gesicht ;keine ;Mienenveränderung ;erkennbar ;war, ;dachte ;sie ;eine ;Weile ;stumm ;nach. ;Dann ;fragte ;Kontext;;
201;0;1184347;random_sample_d_prose_clean_text.txt;1288335;1;2;1;1;das ;kurze ;Auflachen, ;mit ;welchem ;der ;junge ;Offizier ;die ;Hand ;auf ;die ;Schulter ;des ;Freundes ;legte ;und ;lebhafter ;fortfuhr: »;Der ;Brief ;ist ;selbstverständlich ;per ;expreß ;gekommen, ;und ;ich ;bitte ;sehr, ;mich ;für ;wenige ;Augenblicke ;zu ;entschuldigen, ;ich ;möchte ;die ;Gelegenheit ;Objekt;;
115;0;645290;random_sample_d_prose_clean_text.txt;1288335;1;2;1;1;die ;Blässe ;des ;jungen ;Mädchens ;bemerkte, ;teilnehmend ;hinzu: »;Ich ;hoffe, ;Sie ;haben ;keine ;schlechte ;Nachricht ;von ;Ihren ;Eltern ;erhalten?« »;Der ;Brief ;ist ;von ;meiner ;Tante – ;sie ;schreibt, ;daß ;ihre ;verheiratete ;Tochter ;ernstlich ;erkrankt ;sei, ;sie ;müsse ;augenblicklich ;zu ;ihr ;reisen – ;Zusammengefasst;;
71;0;524649;random_sample_d_prose_clean_text.txt;1288335;1;1;1;1;von ;Tränen ;durchnäßtes ;Blättchen ;an ;ihre ;hochgerötete ;Wange ;gedrückt. ;Am ;nächsten ;Morgen ;fragte ;Božena ;wohl: »;Was ;war ;das ;für ;ein ;Brief?« ;Aber ;sie ;bekam ;eine ;ausweichende ;Antwort, ;und ;begnügte ;sich ;damit. »;Wie ;mögen ;Sie ;die ;Rosa ;quälen?« ;sagte ;sie ;zu ;Objekt;;
81;0;532024;random_sample_d_prose_clean_text.txt;1288335;1;1;1;1;Pause, ;in ;welcher ;er ;ruhig ;zu ;überlegen ;schien, ;sagte ;er: »;Gut.« ;Ein ;Jahr ;danach ;um ;dieselbe ;Zeit ;erschien ;wieder ;ein ;Brief ;Boženas ;und ;enthielt ;abermals ;einen ;Einschluß ;Rosas. ;Božena ;hatte ;sich ;dieses ;Mal ;sehr ;kurz ;"gefaßt; ";ihre ;Zeilen ;enthielten ;nur ;Zusammengefasst;;
2;0;64961;random_sample_d_prose_clean_text.txt;1288335;1;1;1;1;und ;fünfzig, ;die ;nachher ;doch ;auch ;zu ;einem ;ganz ;guten ;Ende ;gekommen ;sind! ;Wie ;das ;fernher ;klingt ;von ;dem ;offenen ;Brief ;Christians ;des ;Achten, ;von ;den ;Generalen ;Wrangel, ;Bonin ;und ;Willisen, ;von ;dem ;Waffenstillstand ;zu ;Malmö, ;dem ;Frieden ;von ;Berlin, ;Zusammengefasst;;
6;0;171771;random_sample_d_prose_clean_text.txt;1288335;1;1;1;1;wohne ;ja ;ziemlich ;gerade ;gegenüber, ;und ;ein ;Fischer ;wagte ;es ;und ;fuhr ;auf ;mein ;Ufer ;herüber ;und ;brachte ;mir ;den ;Brief. ;Da ;dacht' ;ich: ›;Es ;ist ;am ;besten, ;du ;siehst ;selbst ;nach!‹ ;und ;ließ ;anspannen! ;Na … ;und ;da ;bin ;ich ;Objekt;;
20;0;208258;random_sample_d_prose_clean_text.txt;1288335;1;1;1;1;können?« ;Und ;ganz ;rasch, ;sich ;jäh ;aus ;seiner ;tiefen ;Versunkenheit ;aufraffend, ;ging ;er ;in ;sein ;Schreibzimmer. ;Da ;lag ;ja ;ein ;Brief! ;Das ;hatte ;er ;keinen ;Augenblick ;vergessen – ;keinen, ;bei ;all ;den ;Gesprächen ;mit ;Georg ;Burmeester. ;Das ;Wissen ;von ;diesem ;Brief ;Objekt;;
171;0;852097;random_sample_d_prose_clean_text.txt;1288335;1;1;1;1;packte ;seinen ;Degenknauf, ;der ;ein ;bäuerliches ;Liebespaar ;in ;Umarmung ;darstellte. »;Er ;hat ;meinen ;Brief ;dem ;Herrn ;Hauptmann ;nicht ;übergeben?« »;Welchen ;Brief?« »;Den ;ich ;ihm ;vor ;sieben ;Tagen ;einhändigte?« ;Bracke ;besann ;sich. »;Der ;Herr ;Kurfürst ;möge ;verzeihen: ;ich ;hatte ;noch ;einige ;Objekt;;
62;0;402522;random_sample_d_prose_clean_text.txt;1288335;1;1;1;1;und ;machen ;Sie ;außen ;ein ;Zeichen ;auf ;den ;Umschlag. ;Ein ›;F‹ ;genügt. ;Das ›;F‹ ;heißt ›;Fräulein‹ ;und ;ich ;bekomme ;den ;Brief. ;Direkt ;an ;mich ;keine ;Zeile! ;Nur ;an ;Lisbeth ;Würzl.« ;Das ;betonte ;sie ;dreimal, ;und ;ich ;versprach, ;mir ;den ;Namen ;Kontext;;
217;0;1279318;random_sample_d_prose_clean_text.txt;1288335;1;1;1;1;volle ;Stunden ;lang ;vorenthalten ;hat! ;Du ;lieber ;Gott! ;schwer ;genug ;ist ;es ;mir ;wahrlich ;geworden! ;So, ;hier ;haben ;Sie ;den ;Brief! ;Erfreuen ;Sie ;sich ;noch ;einmal ;an ;seiner ;Lectüre ;und ;malen ;Sie ;es ;sich ;aus, ;welch ;eine ;Freude ;das ;sein ;Objekt;;
204;0;1258307;random_sample_d_prose_clean_text.txt;1288335;1;1;1;1;liebes ;Herz!« ;sagte ;sie, ;öffnete ;den ;Briefumschlag ;und ;entfaltete ;den ;Bogen. ;Es ;war ;ein ;für ;Tante ;Renatens ;Verhältnisse ;ungewöhnlich ;langer ;Brief. ;Gräfin ;Lattdorf ;las ;ihn ;aufmerksam ;durch, ;lächelte ;am ;Schluß ;fast ;schelmisch ;und ;reichte ;ihn ;Fräulein ;von ;Wetter ;über ;den ;Objekt;;
216;0;1279145;random_sample_d_prose_clean_text.txt;1288335;1;1;1;1;meuchlings ;beizubringen, ;nachdem ;ich ;vor ;kaum ;acht ;Tagen ;von ;seinem ;gastlichen ;Dache ;Abschied ;genommen ;habe! ;Motiv ;der ;That ;ist ;ein ;Brief ;Günthers, ;welcher ;mich ;soeben ;hier ;in ;der ;Residenz ;überrascht. ;Seine ;Ferien ;beginnen ;bereits ;in ;den ;nächsten ;Tagen, ;und ;er ;Zusammengefasst;;
89;0;537709;random_sample_d_prose_clean_text.txt;1288335;1;1;1;1;Zeitung ;setzen ;lassen, ;lesen ;Sie ;mir ;ihn ;vor, ;ich ;ersuche ;Sie.« ;Schimmelreiter ;hatte ;von ;einem ;Aufrufe ;nichts ;gehört, ;denn ;der ;Brief ;Mansuets ;war ;ihm ;vorenthalten ;worden. ;Ratlos, ;was ;er ;tun ;oder ;sagen ;sollte, ;griff ;er ;dann ;nach ;einem ;Zeitungsblatte ;und ;Objekt;;
41;0;280421;random_sample_d_prose_clean_text.txt;1288335;1;1;1;1;Herrn ;nicht ;zu ;bemerken. »;Von ;Frau ;Senator ;Landskron,« ;meldete ;er ;und ;reichte ;Therese ;das ;silberne ;Brettchen ;hin. ;Sie ;nahm ;den ;Brief. ;Mechanisch ;öffnete ;sie ;ihn. ;Empfand ;ihn ;nur ;als ;Störung, ;als ;Aufenthalt. ;Sah ;nur ;Buchstaben ;und ;begriff ;keinen ;Sinn. ;Und ;Kontext;;
28;0;223896;random_sample_d_prose_clean_text.txt;1288335;1;1;1;1;mit ;seiner ;Frau ;nicht ;besprach. ;So ;nahm ;sie ;auch ;mit ;der ;in ;solchen ;Fällen ;sogleich ;in ;ihr ;aufsteigenden ;Neugier ;den ;Brief. ;Mit ;Erstaunen ;las ;sie ;dann: »;Hochverehrter ;Herr ;Senator! ;Der ;ergebenst ;Unterzeichnete ;gibt ;sich ;die ;Ehre, ;Sie ;zu ;einer ;Besprechung ;Brief;danach;
92;0;541279;random_sample_d_prose_clean_text.txt;1288335;1;1;1;1;traumverloren, ;mit ;dem ;Gesichte ;einer ;Nachtwandlerin: »;Den ;Brief«, ;flüsterte ;sie, »;um ;ihn ;zu ;verbrennen. ;Aber – ;er ;ist ;schon ;verbrannt.« »;Welchen ;Brief, ;Mutter?« ;Nannette ;legte ;den ;Finger ;auf ;ihren ;Mund, ;sah ;ängstlich ;um ;sich ;und ;sprach: »;Schweigen! ;Schweigen!« ;Kurze ;Zeit ;darauf ;Objekt;;
103;0;572753;random_sample_d_prose_clean_text.txt;1288335;1;1;1;1;Herr! ;Herr! ;Sie ;hätte ;getauscht! ;Nimm ;du ;es ;an ;und ;nimm ;damit ;die ;Sünde ;von ;mir!« 20;Als ;Professor ;Bauer ;den ;Brief ;Regulas ;erhielt, ;machte ;er ;alle ;Stadien ;eines ;mit ;dem ;Jawort ;der ;Geliebten ;überraschten ;Liebhabers ;durch. ;Vor ;allem ;traute ;er ;Kontext;;
100;0;572182;random_sample_d_prose_clean_text.txt;1288335;1;1;1;1;bestohlen ;worden. ;Das ;weiß ;ich, ;Fräulein, ;denn, ;gefoltert ;von ;Gewissensqualen, ;hat ;es ;mir ;Ihre ;Mutter ;in ;ihrer ;Todesstunde ;anvertraut. ;Der ;Brief …« »;Schweigen ;Sie!« ;schreit ;Regula, »;ich ;weiß ;"nichts; ";ich ;will ;nichts ;wissen ;von ;einem ;Briefe – ;ich ;kann';s ;beschwören: ;ich ;Objekt;;
102;0;572238;random_sample_d_prose_clean_text.txt;1288335;1;1;1;1;er ;ist ;unterschlagen ;worden ;und – ;verbrannt.« »;Ha!« ;Regula ;atmete ;auf, ;befreit ;von ;einer ;Zentnerlast. »;So ;gibt ;es ;auch ;keinen ;unterschlagenen ;Brief! … ;Wer ;kann ;beweisen, ;daß ;es ;einen ;gab? ;Wer ;wird ;es ;glauben?« ;Die ;Magd ;stand ;da, ;umflossen ;von ;einer ;wunderbaren, ;Objekt;;
56;0;374348;random_sample_d_prose_clean_text.txt;1288335;1;1;1;1;Cattina ;geht ;mit ;mir. ;Wie ;viel ;ich ;ihrer ;Treue ;verdanke, ;kann ;ich ;nicht ;aussprechen. »;Ich ;erwarte ;keine ;Antwort ;auf ;diesen ;Brief. ;Wie ;teuer ;Ihnen ;der ;Entschlafene ;war, ;weiß ;ich. ;Er ;hat ;Ihre ;Liebe ;und ;Verehrung ;Ihnen ;reichlich ;vergolten. ;Jedes ;Wort ;Brief;Teil des Briefs;
35;0;245120;random_sample_d_prose_clean_text.txt;1288335;1;1;1;1;Mann ;sah ;aus ;wie ;ein ;Kleinbürger, ;den ;zu ;einem ;Fest ;will. ;Er ;fragte: ;Herr ;Senator ;selbst? ;Jawohl. ;Und ;gab ;einen ;Brief ;ab ;von ;Senator ;Bording … ;Nicht ;gerade ;ahnungsvoll, ;aber ;doch ;in ;schnell ;aufwallender ;Neugier ;erbrach ;Landskron ;den ;Brief ;und ;las ;Objekt;;
137;0;743493;random_sample_d_prose_clean_text.txt;1288335;1;1;1;1;zu ;wissen. ;Da ;schiebt ;der ;Indianerboy ;einen ;Teller ;mit ;einem ;Brief ;zwischen ;mich ;und ;das ;Wasserglas. ;Ein ;Diener ;hatte ;den ;Brief ;abgegeben. ;Der ;Reitlehrer, ;der ;mich ;bei ;dem ;ersten ;Ausritt ;begleitet ;hatte, ;schrieb ;mir: »… ;Heute ;morgen ;kam ;jene ;Dame, ;von ;Brief;danach;
1;0;6866;random_sample_d_prose_clean_text.txt;1288335;1;1;1;1;daß ;Sie ;mit ;mir ;gesprochen ;und ;jene ;genugtuende ;Erklärung ;abgegeben ;haben, ;und ;zwar ;auf ;meinen ;Rat! ;Morgen ;früh ;wird ;der ;Brief ;abgehen, ;und ;die ;Sache ;wird ;damit ;zu ;aller ;Zufriedenheit ;abgetan ;sein, ;dafür ;kann ;ich ;Ihnen ;bürgen!« ;Jetzt ;war ;von ;Objekt;;
76;0;531261;random_sample_d_prose_clean_text.txt;1288335;1;1;1;1;so ;ergriffen ;und ;erschüttert, ;findet ;das ;leidenschaftliche ;Einstürmen ;auf ;den ;beleidigten ;Vater ;so ;unpassend, ;daß ;sie ;nicht ;daran ;denkt, ;den ;Brief ;abzugeben, ;ja – ;ihn ;verbrennt. 8;Der ;Groll ;Heißensteins ;gegen ;seine ;Tochter ;wurde ;durch ;die ;Zeit ;nicht ;vermindert, ;eher ;sogar ;erhöht. ;Objekt;;
108;0;591189;random_sample_d_prose_clean_text.txt;1288335;1;1;1;1;Vorwurf ;der ;Unaufrichtigkeit, ;der ;Liebedienerei, ;des ;Schmarotzertums. ;Wenn ;ich ;nicht ;sehr ;irre, ;schmarotzest ;Du ;an ;mir ;auch ;noch ;mit ;diesem ;Brief ;als ;solchem.« ;Darauf ;antworte ;ich, ;daß ;zunächst ;dieser ;ganze ;Einwurf, ;der ;sich ;zum ;Teil ;auch ;gegen ;Dich ;kehren ;läßt, ;Objekt;;
39;0;268016;random_sample_d_prose_clean_text.txt;1288335;1;1;1;1;er ;den ;Weg ;nach ;seinem ;Geschäft ;nahm, ;ging ;er ;mit ;raschen ;und ;festen ;Schritten ;zur ;Post ;hinüber ;und ;gab ;den ;Brief ;auf. ;Er ;hatte ;oben ;auf ;den ;Umschlag ;geschrieben: ;Einliegend ;Probe ;ohne ;Wert – ;Er ;wollte ;keine ;Einschreibsendung ;machen, ;und ;diese ;Objekt;;
48;0;304382;random_sample_d_prose_clean_text.txt;1288335;1;1;1;1;gebracht.« ;Ein ;Schimmer ;von ;Farbe ;stieg ;in ;Hans ;Hagens ;bleiches ;Gesicht. ;Hastig ;streckte ;er ;die ;lange, ;schmale ;Hand ;nach ;dem ;Brief ;aus. ;Kopfschüttelnd ;entfernte ;sich ;der ;Aufseher. ;Nachdem ;die ;Thür ;sich ;hinter ;ihm ;geschlossen ;hatte, ;las ;Hans ;mit ;fiebernden ;Augen, ;Objekt;;
168;0;852012;random_sample_d_prose_clean_text.txt;1288335;1;1;1;1;nach ;Trebbin. ;Er ;sprang ;vom ;Pferde ;und ;fragte ;Eustachius ;von ;Schlieben, ;der ;ihm ;die ;Bügel ;hielt, ;wie ;Bracke ;ihm ;den ;Brief ;ausgerichtet ;und ;ob ;dem ;Befehl ;Genüge ;getan. ;Der ;Hauptmann ;erstaunte. »;Welcher ;Brief? ;und ;welcher ;Befehl?« ;Der ;Kurfürst ;schnaubte ;ärgerlich ;Objekt;;
153;0;776793;random_sample_d_prose_clean_text.txt;1288335;1;1;1;1;bis ;die ;Kerze ;abbrannte ;und ;ich ;mir ;erst ;bewußt ;wurde, ;daß ;Zeit, ;wirkliche ;Zeit ;vergangen ;war. ;Ich ;hatte ;in ;diesem ;Brief ;außer ;aller ;Zeit ;gelebt ;und ;wunderte ;mich ;jetzt, ;daß ;es ;möglich ;war, ;daß ;Liebe ;auch ;die ;Zeit ;zeitlos ;machen ;Kontext;;
133;0;736662;random_sample_d_prose_clean_text.txt;1288335;1;1;1;1;hochbeglückt ;bei ;ihrem ;Bräutigam ;und ;fuhr ;schleunigst ;nach ;dem ;Schloß ;Chapultepec, ;da ;mir ;einfiel, ;daß ;ich ;heute ;dort ;noch ;einen ;Brief ;beim ;Präsidenten ;abholen ;könnte. ;So ;ist ;Mexiko ;täglich, ;sagte ;ich ;mir ;auf ;der ;Heimfahrt. ;Es ;ist ;für ;den ;Europäer ;Objekt;;
202;0;1200225;random_sample_d_prose_clean_text.txt;1288335;1;1;1;1;Stauffenberg ;aus ;Groß-;Stauffen ;zur ;Teilnahme ;an ;den ;Hoffesten ;der ;kommenden ;Saison ;angemeldet ;habe, ;und ;zwar – ;wie ;der ;sehr ;originelle ;Brief ;bemerkt – ;auf ;freundliche ;Einladung ;des ;Grafen ;Lehrbach ;hin!« – ;Ein ;fast ;boshafter ;Zug ;schlich ;sich ;bei ;diesen ;letzten ;Worten ;um ;Kontext;;
5;0;150955;random_sample_d_prose_clean_text.txt;1288335;1;1;1;1;Na – ;dann ;ist';s ;gut. ;Also ;adieu, ;Fräulein ;Elis'!« ;Sie ;zögerte. »;Ich ;soll ;doch ;der ;Frau ;Gräfin ;Antwort ;auf ;den ;Brief ;bringen!« »;Antwort?« ;Er ;nahm ;an ;dem ;Schreibtisch ;Platz ;und ;schob ;sich ;seine ;Präparate ;herbei. »;Da ;ist ;eigentlich ;nicht ;viel ;Objekt;;
182;0;925422;random_sample_d_prose_clean_text.txt;1288335;1;1;1;1;Uhr ;klingelte ;er. ;Der ;Diener ;brachte ;ihm ;das ;"Frühstück; ";auf ;der ;Untertasse ;lag ;die ;eingelaufene ;"Post; ";von ;ihr ;war ;kein ;Brief ;da. ;Aber ;er ;sagte ;sich ;gleich, ;daß ;sie ;nun ;um ;so ;sicherer ;selber ;am ;Nachmittag ;bei ;ihm ;sein ;werde, ;Objekt;;
192;0;1101792;random_sample_d_prose_clean_text.txt;1288335;1;1;1;1;Dank ;dafür!« ;und ;nehme ;den ;Brief ;und ;lese ;ihn, ;und ;es ;ist ;ein ;solcher ;Schatz ;von ;einem ;unschuldigen ;liebreizenden ;kindlichen ;Brief, ;daß ;mir ;das ;Herz ;hüpft, ;der ;neuen ;Kusine ;entgegen. – »;Du ;hast ;ja ;heute ;reisen ;sollen«, ;sage ;"ich; ";und ;er: »;Kontext;;
187;0;1092968;random_sample_d_prose_clean_text.txt;1288335;1;1;1;1;klang ;in ;die ;Herdstube, ;während ;Eberwein ;beim ;Schein ;des ;Feuers ;die ;Botschaft ;seines ;herzoglichen ;Freundes ;las. ;Es ;war ;ein ;langer ;Brief – ;doch ;sein ;Inhalt ;nur ;ein ;einziges ;kurzes ;Wort. ;Eberweins ;Brauen ;furchten ;sich, ;und ;es ;zuckte ;bitter ;um ;seinen ;Mund. ;Zusammengefasst;;
152;0;776768;random_sample_d_prose_clean_text.txt;1288335;1;1;1;1;Abend ;wurde.« ;So ;sprach ;ich ;feierlich ;laut ;zu ;mir ;und ;saß ;am ;Klavier ;bei ;der ;Kerze, ;und ;ich ;las ;den ;Brief ;drei, ;vier ;Stunden ;lang, ;bis ;die ;Kerze ;abbrannte ;und ;ich ;mir ;erst ;bewußt ;wurde, ;daß ;Zeit, ;wirkliche ;Zeit ;vergangen ;Kontext;;
63;0;453234;random_sample_d_prose_clean_text.txt;1288335;1;1;1;1;herunterfallen, ;wenn ;sie ;die ;Adhäsion ;nicht ;festhielte. ;Und ;so ;ist ;es ;sicherlich ;ganz ;dieselbe ;Naturkraft, ;die ;ein ;malerisches ;Kunstwerk, ;einen ;Brief, ;ein ;Buch ;fertigwerden ;läßt, ;wie ;die ;Herdmauern, ;die ;sich ;unser ;Robinson ;errichtete, ;um ;sich ;das ;Leben ;auf ;der ;Insel ;Metapher;;
129;0;711901;random_sample_d_prose_clean_text.txt;1288335;1;1;1;1;Dorfende ;stieg ;sie ;einen ;Augenblick ;aus ;und ;warf ;ihren ;Brief ;in ;den ;Kasten. ;Es ;war, ;als ;habe ;sie ;mit ;diesem ;Brief ;eine ;Last ;von ;sich ;abgeworfen. ;Sie ;atmete ;auf ;und ;war ;gesprächig, ;wurde ;munter ;und ;aufmerksam ;für ;alle ;Dinge ;am ;Objekt;;
45;0;302716;random_sample_d_prose_clean_text.txt;1288335;1;1;1;1;dürfen ;sie ;Dich ;nicht ';mal ;in ;Untersuchungshaft ;nehmen, ;sagt ;Vater, ;was ;auch ;der ;Amtsvorsteher ;vorbringen ;mag.« ;Sie ;hielt ;ihm ;den ;Brief ;entgegen. »;Da ;nimm, ;sorg ;Du, ;daß ;er ;hinkommt, ;so ;schnell ;als ;möglich – ;ich – ;ich ;muß ;zu ;dem ;Felix ;zurück ;Objekt;;
78;0;531730;random_sample_d_prose_clean_text.txt;1288335;1;1;1;1;verzeiht, ;so ;drückt ;es ;ihr ;das ;Herz ;ab, ;und ;es ;nimmt ;wahrhaftig ;und ;Gott ;kein ;gutes ;End ;mit ;ihr.« ;Dieser ;Brief ;enthielt ;einen ;Einschluß ;von ;Rosas ;Hand, ;und ;in ;dem ;lag ;ein ;Zettelchen. ;Die ;junge ;Frau ;bat ;den ;lieben, ;getreuen ;Kontext;;
49;0;304562;random_sample_d_prose_clean_text.txt;1288335;1;1;1;1;Lebe ;wohl ;und ;Dank ;für ;alles, ;und ;wenn ;Du ;kannst, ;vergiß, ;was ;ich ;über ;Dich ;gebracht ;habe. ;Anna ;Tiefs.« ;Der ;Brief ;entsank ;seinen ;Händen ;und ;fiel ;zwischen ;seinen ;Knien ;zu ;Boden, ;ohne ;daß ;er ;es ;gewahrte. ;Derselbe ;Gedanke, ;den ;er ;Brief;davor;
114;0;639191;random_sample_d_prose_clean_text.txt;1288335;1;1;1;1;auszudenken, ;um ;diesem ;Zustand ;ein ;Ende ;zu ;machen.« »;Wie ;lange ;ist ;es ;nun ;schon ;her, ;seit ;ihr ;deines ;Vaters ;letzten ;Brief ;erhieltet?« »;Schon ;fünf ;Wochen. ;Damals ;war ;er ;in ;Hamburg, ;aber ;er ;wußte ;selbst ;noch ;nicht, ;ob ;er ;nicht ;nach ;Objekt;;
91;0;541266;random_sample_d_prose_clean_text.txt;1288335;1;1;1;1;liebevoll, »;was ;ist ;Ihnen, ;was ;suchen ;Sie?« ;Nannette ;wandte ;sich ;ihr ;zu, ;wie ;traumverloren, ;mit ;dem ;Gesichte ;einer ;Nachtwandlerin: »;Den ;Brief«, ;flüsterte ;sie, »;um ;ihn ;zu ;verbrennen. ;Aber – ;er ;ist ;schon ;verbrannt.« »;Welchen ;Brief, ;Mutter?« ;Nannette ;legte ;den ;Finger ;auf ;Objekt;;
163;0;828864;random_sample_d_prose_clean_text.txt;1288335;1;1;1;1;er ;"hervorgewachsen; ";aus ;einer ;schließlich ;doch ;weltlichen ;Neigung. ;Und ;Alexina ;berief ;sich ;immer ;auf ;Gott! ;Da ;fand ;sich ;in ;einem ;Brief ;folgende ;Stelle: »;Du ;willst ;vor ;mir ;fliehen, ;Henriette, ;Du ;fürchtest ;meine ;Augen, ;wenn ;sie ;am ;Erlöschen, ;und ;den ;Ton ;Brief;danach;
213;0;1278886;random_sample_d_prose_clean_text.txt;1288335;1;1;1;1;Papa? ;Bitte ;dringend ;um ;Bulletins! ;Brief ;folgt.« ;Punktum! ;Oft ;spart ;er ;sich ;sogar ;die ;Unterschrift, ;und ;wenn ;dann ;wirklich ;dieser ;Brief ;folgt, ;dann ;ist ;er ;immer ;an ;Sie, ;und ;niemals ;an ;mich ;gerichtet!« »;Der ;arme ;Junge!« ;Ein ;fast ;schalkhaftes ;Zucken ;Brief;davor;
73;0;528874;random_sample_d_prose_clean_text.txt;1288335;1;1;1;1;geschmacklose ;Tand ;aus ;Wachs ;und ;Porzellan. ;Die ;Feder ;war ;geschnitten, ;und ;so ;gut ;oder ;übel, ;als ;es ;ging, ;wurde ;der ;Brief ;fortgesetzt. ;Ein ;elastischer ;und ;energischer ;Schritt, ;der ;sich ;auf ;der ;Treppe ;vernehmen ;ließ, ;störte ;den ;Jäger ;auf ;das ;angenehmste ;Objekt;;
72;0;524777;random_sample_d_prose_clean_text.txt;1288335;1;1;1;1;lautete, ;das ;Regiment ;des ;Leutnants ;von ;Fehse ;sei ;im ;Begriffe, ;in ;eine ;neue ;Garnison ;zu ;"marschieren; ";die ;zweite ;hatte ;ein ;Brief ;gebracht, ;die ;Antwort ;auf ;das ;Schreiben, ;das ;er ;nach ;seiner ;Unterredung ;mit ;dem ;Offizier ;nach ;Wien ;geschickt. ;Sie ;lautete: »;Objekt;;
19;0;205098;random_sample_d_prose_clean_text.txt;1288335;1;1;1;1;runden, ;aufmerksamen, ;braunen ;Hundeaugen, ;als ;wolle ;er ;ihm ;mit ;diesem ;Blick ;etwas ;Besonderes ;sagen. ;Er ;meldete: »;Ein ;Dienstmann ;hat ;einen ;Brief ;"gebracht; ";ich ;hab' ;ihn ;auf ';n ;Schreibtisch ;gelegt.« »;Schön,« ;sagte ;Bording ;trocken. ;Aber ;anstatt ;mit ;dem ;Freunde ;nun ;in ;Objekt;;
93;0;542473;random_sample_d_prose_clean_text.txt;1288335;1;1;1;1;in ;ihr ;vor? … ;Gott ;mag ;es ;wissen! ;Nach ;dem ;Tode ;der ;Frau ;Heißenstein ;hatte ;Graf ;Ronald ;ihrer ;Tochter ;einen ;teilnahmsvollen ;Brief ;geschrieben, ;aber ;gekommen ;war ;er ;nicht. ;All ;die ;Arbeit, ;die ;er ;sich ;aufgebürdet, ;dürfte ;ihn ;abgehalten ;haben, ;meinte ;"Regel; ";Kontext;;
161;0;817094;random_sample_d_prose_clean_text.txt;1288335;1;1;1;1;gebracht ;hatte, ;die ;Dame ;sei ;soeben ;mit ;dem ;Pariser ;Schnellzug ;abgereist. ;Sie ;habe ;im ;Restaurant ;während ;der ;ganzen ;Wartezeit ;einen ;Brief ;geschrieben. ;Und ;der ;Agent ;übergab ;mir ;ein ;mit ;Bleistift ;beschriebenes ;blaues ;Kuvert. »;Liebster, ;wir ;sind ;nicht ;mehr ;zu ;zweien, ;Brief;danach;
198;0;1131854;random_sample_d_prose_clean_text.txt;1288335;1;1;1;1;unausstehlich. ;Viel ;stand ;im ;Wege, ;nach ;Hause ;zurückzukehren. ;Nicht ;ein ;väterliches ;Verbot, ;o ;nein! ;Ihr ;Vater ;hatte ;ihr ;einen ;kurzen ;Brief ;geschrieben: »;Ich ;verreise ;auf ;unbestimmte ;"Zeit; ";wenn ;Du ;wieder ;zur ;Vernunft ;gekommen ;sein ;wirst, ;werde ;ich ;mich ;freuen, ;Dich ;Brief;Teil des Briefs;
101;0;572204;random_sample_d_prose_clean_text.txt;1288335;1;1;1;1;Sie!« ;schreit ;Regula, »;ich ;weiß ;"nichts; ";ich ;will ;nichts ;wissen ;von ;einem ;Briefe – ;ich ;kann';s ;beschwören: ;ich ;habe ;keinen ;Brief ;gesehen … ;und – ;wer ;hat ;ihn ;gesehen?« »;Niemand«, ;antwortet ;Božena ;mit ;kalter ;Ruhe, »;denn ;er ;ist ;unterschlagen ;worden ;und – ;verbrannt.« »;Objekt;;
106;0;589912;random_sample_d_prose_clean_text.txt;1288335;1;1;1;1;Ehe ;ohnmächtig ;war, ;hatte ;eben ;andere ;Gründe. ;Sie ;lagen ;in ;Deinem ;Verhältnis ;zu ;den ;Kindern, ;von ;dem ;ja ;der ;ganze ;Brief ;handelt. ;Es ;gibt ;eine ;Meinung, ;nach ;der ;die ;Angst ;vor ;der ;Ehe ;manchmal ;davon ;herrührt, ;daß ;man ;fürchtet, ;die ;Zusammengefasst;;
44;0;302676;random_sample_d_prose_clean_text.txt;1288335;1;1;1;1;ja ;sehen.« ;Unter ;dem ;braunen ;Brusttuch, ;das ;sie ;um ;die ;schmalen ;Schultern ;geschlungen ;trug, ;holte ;sie ;mit ;fliegenden ;Fingern ;einen ;Brief ;hervor. »;Hier ;hab' ;ich';s ;für ;den ;Kreisphysikus ;aufgeschrieben, ;daß ;er ;kommen ;soll – ;sogleich. ;Wenn ;er ;nichts ;findet, ;so ;Zusammengefasst;;
69;0;522612;random_sample_d_prose_clean_text.txt;1288335;1;1;1;1;ästimiert ;im ;Regimente, ;höchst ;anständig.« »;Kümmert ;das ;Sie?« ;fragte ;Herr ;Heißenstein ;in ;wegwerfendem ;Tone ;und ;schob ;dem ;Kommis ;den ;unterzeichneten ;Brief ;hin. ;Weberlein ;legte ;einen ;zweiten ;vor ;und ;erwiderte: »;Sehr ;viel. ;Die ;Anständigkeit ;des ;Nebenmenschen ;kümmert ;mich ;immer ;sehr ;viel.« »;Objekt;;
138;0;743699;random_sample_d_prose_clean_text.txt;1288335;1;1;1;1;den ;Wagen ;steigen, ;der ;dort ;halten ;wird. ;Sie ;wünscht ;Sie ;dringend ;zu ;sprechen. ;Die ;Dame ;bat ;mich ;zugleich, ;in ;diesem ;Brief ;ihre ;Namen ;nicht ;zu ;nennen, ;für ;den ;Fall, ;daß ;der ;Brief ;in ;falsche ;Hände ;gelangen ;sollte. ;Sie ;selbst ;wissen ;Brief;danach;
176;0;862676;random_sample_d_prose_clean_text.txt;1288335;1;1;1;1;bei ;den ;Behörden ;des ;Kaisers ;des ;Vaterlandsverrates ;und ;der ;Majestätsbeleidigung. ;Ja, ;sie ;gingen ;so ;weit, ;zu ;behaupten, ;er ;habe ;den ;Brief ;im ;Auftrag ;der ;Feinde ;geschrieben ;und ;stehe ;im ;Dienste ;der ;mongolischen ;Entente. ;Andere ;wieder ;verdächtigten ;sein ;chinesisches ;Blut ;und ;Kontext;;
164;0;829126;random_sample_d_prose_clean_text.txt;1288335;1;1;1;1;bestialischen ;Arme ;eines ;Mannes ;werfen, ;wo ;nur ;Grausamkeit, ;Unfläthigkeit ;und ;Gemeinheit ;herrscht? ;Bin ;nicht ;ich ;Dein ;Mann?!…« – ;In ;einem ;andern ;Brief ;kam ;die ;Stelle ;vor: »;Du ;fliehst ;vor ;mir, ;und ;dann ;suchst ;Du ;mich ;wieder ;auf. ;Du ;meinst, ;ich ;wäre ;Brief;danach;
172;0;852127;random_sample_d_prose_clean_text.txt;1288335;1;1;1;1;sich. »;Der ;Herr ;Kurfürst ;möge ;verzeihen: ;ich ;hatte ;noch ;einige ;Tage ;in ;Berlin ;zu ;tun, ;und ;da ;ich ;meinte, ;der ;Brief ;könne ;sich ;sonst ;verspäten, ;warf ;ich ;ihn ;in ;die ;Spree, ;auf ;daß ;er ;ganz ;gewiß ;noch ;vor ;mir ;nach ;Objekt;;
118;0;649726;random_sample_d_prose_clean_text.txt;1288335;1;1;1;1;über ;meine ;Schweigsamkeit, ;und ;Du ;weißt, ;das ;war ;sonst ;nicht ;der ;Fehler, ;den ;sie ;vorzugsweise ;an ;mir ;rügte. ;Für ;Deinen ;Brief ;küsse ;ich ;Dich ;mit ;grenzenloser ;Zärtlichkeit, ;er ;ist ;wie ;Du ;selbst! ;nur ;einen ;Fehler ;hat ;er, ;daß ;er ;nicht ;Brief;Teil des Briefs;
210;0;1266858;random_sample_d_prose_clean_text.txt;1288335;1;1;1;1;Schreiben ;der ;Tante ;Renate, ;neigte ;sich ;näher ;zu ;dem ;Fenster ;und ;überflog ;seinen ;Inhalt. ;Am ;Ende ;ließ ;er ;Hand ;und ;Brief ;langsam ;sinken ;und ;schaute ;starr ;vor ;Erstaunen ;auf ;die ;junge ;Dame ;nieder. »;Nun?« ;neckte ;Josephine ;mit ;fast ;strahlender ;Heiterkeit. »;Objekt;;
53;0;365127;random_sample_d_prose_clean_text.txt;1288335;1;1;1;1;mit ;der ;Absicht, ;es ;ihr ;durch ;die ;Cattina ;zukommen ;zu ;lassen, ;wenn ;sie ;sich ;so ;weit ;gefaßt ;hätte, ;um ;einen ;Brief ;lesen ;zu ;können. ;Noch ;hatte ;er ;nicht ;darauf ;verzichtet, ;ihr ;das ;alles ;mündlich ;zu ;sagen. ;Aber ;der ;Bericht ;seines ;Zusammengefasst;;
190;0;1101711;random_sample_d_prose_clean_text.txt;1288335;1;1;1;1;Pudel. ;Bald ;darauf ;finde ;ich ;ihn ;ausgestreckt ;auf ;dem ;Ruhebett, ;und ;er ;hat ;neben ;sich ;auf ;dem ;Tisch ;einen ;offenen ;Brief ;liegen. – »;Von ;wem ;denn ;schon ;wieder?« ;fragte ;ich. – »;Von ;meiner ;Braut.« – »;So? ;Hat ;sie ;geschrieben, ;die ;Wonne, ;die ;Sonne?…« ;Zusammengefasst;;
9;0;176966;random_sample_d_prose_clean_text.txt;1288335;1;1;1;1;und ;das ;Leben ;wehte ;stürmisch ;um ;mich ;her. ;Zuerst ;hatte ;ich ;gehört, ;daß ;mein ;Vater ;krank ;sei. ;Ein ;leidenschaftlich ;zorniger ;Brief ;meines ;ältesten ;Bruders, ;der ;mir ;in ;erregten ;Worten ;die ;Schuld ;beimaß, ;hatte ;mich ;davon ;benachrichtigt. ;Das ;brüderliche ;Schreiben ;hielt ;Zusammengefasst;;
159;0;797124;random_sample_d_prose_clean_text.txt;1288335;1;1;1;1;war ;den ;neunzehn ;bereits ;in ;den ;Tod ;vorausgegangen: ;der ;Polizeipräsident. ;Und ;ich ;mußte ;an ;Orlas ;Mutter ;denken, ;die ;mir ;im ;Brief ;mitgeteilt ;hatte, ;daß ;sie ;es ;gewesen ;sei, ;die ;dem ;Polizeipräsidenten ;die ;Pistole ;in ;einem ;ausgehöhlten ;Brot ;ins ;Gefängnis ;geschickt ;Zusammengefasst;;
205;0;1258400;random_sample_d_prose_clean_text.txt;1288335;1;1;1;1;Was ;geht';s ;die ;fremden ;Leute ;an, ;wat ;min ;leiwet ;Tanting ;schreibt! ;Wenn ;Sie ;gestatten, ;gnädigste ;Gräfin, ;lese ;ich ;den ;Brief ;oben ;in ;meinem ;Zimmer, ;da ;kann ;ich ;ungenirter ;weinen, ;wenn ;das ;Heimweh ;kommt!« ;Sie ;sagte ;es ;mit ;lachendem ;Mund, ;Objekt;;
79;0;531883;random_sample_d_prose_clean_text.txt;1288335;1;1;1;1;voll ;unwillkürlicher ;Komik ;an ;seine ;Brust. ;Heißenstein ;konnte ;sich ;eines ;Lächelns ;nicht ;erwehren ;und ;fragte: »;Was ;haben ;Sie ;denn?« »;Einen ;Brief!« ;platzte ;Mansuet ;heraus, »;einen ;Brief ;von ;unserer ;Rosa!« ;wiederholte ;er, ;fast ;weinend – ;und ;hielt ;seinem ;Herrn ;das ;Zettelchen ;hin. ;Objekt;;
124;0;703362;random_sample_d_prose_clean_text.txt;1288335;1;1;1;1;sich ;zu ;lockern. ;Nur ;Karlchen ;ließ ;sich ;nicht ;stören ;und ;sang ;ununterbrochen ;seine ;eintönige ;Melodie. »;Da ;haben ;wir ;auch ;einen ;Brief,« ;sagte ;einer ;der ;finstern ;Eindringlinge. ;Mit ;zitternden ;Händen ;griff ;der ;Maëstro ;danach. ;Eilig ;riß ;er ;den ;Umschlag ;auf, ;und ;Objekt;;
111;0;613499;random_sample_d_prose_clean_text.txt;1288335;1;1;1;1;einer ;Verwandten ;aufs ;Land ;übersiedelt. ;Von ;dort ;wollte ;sie, ;das ;letzte ;Wort ;im ;Streit ;zu ;behalten, ;der ;ehemaligen ;Herrschaft ;einen ;Brief ;schicken, ;in ;dem ;Verachtung ;und ;Überlegenheit ;maßlosen ;Ausdruck ;hätten. ;Da ;sie ;das ;Schreiben ;trotz ;Mahnung ;des ;Verstandes ;von ;Tag ;hypothetischer Brief - ungeschgrieben;;
135;0;741330;random_sample_d_prose_clean_text.txt;1288335;1;1;1;1;Sie ;grüßte ;dann ;von ;sich ;und ;ihrem ;Mann, ;lud ;mich ;aber ;nicht ;ein, ;sie ;in ;San ;Juan ;zu ;besuchen. ;Der ;Brief ;schien ;mir, ;trotzdem ;er ;einfach ;und ;sachlich ;lautete, ;doch, ;als ;wäre ;er ;von ;vergossenen ;Tränen ;feucht ;"gewesen; ";es ;war ;Zusammengefasst;;
65;0;479538;random_sample_d_prose_clean_text.txt;1288335;1;1;1;1;Eltern ;auf ;irgendeine ;Weise ;mitzuteilen, ;daß ;er ;noch ;am ;Leben ;sei. ;Ursula: ;Ja, ;er ;hätte ;ihnen ;schon ;wirklich ;gleich ;einen ;Brief ;schreiben ;können! ;Peter: ;Haha, ;Ursula, ;du ;bist ;wirklich ;schlau! ;Schreiben ;konnte ;er ;ja, ;wenn ;er ;es ;schon ;gelernt ;hatte, ;Kontext;;
119;0;665400;random_sample_d_prose_clean_text.txt;1288335;1;1;1;1;mein ;Tagebuch ;geschrieben, ;alle ;unsere ;Gedanken, ;unsere ;Zeit, ;unsere ;Hände ;waren ;in ;Anspruch ;"genommen; ";ich ;konnte ;Dir ;nur ;den ;kurzen ;Brief ;schreiben, ;den ;Du ;inzwischen ;wohl ;erhalten ;hast. ;Schon ;an ;dem ;Tage, ;als ;ich ;zuletzt ;schrieb, ;wehte ;ein ;rauher ;Wind, ;Kontext;tagebuch;
26;0;212948;random_sample_d_prose_clean_text.txt;1288335;1;1;1;1;Nerven ;und ;Magen ;den ;Ansprüchen ;der ;Reise ;sich ;unerschütterlich ;gewachsen ;zeigen. »;In ;hochachtungsvoller ;Ergebenheit ;Peter ;H. ;Petersen.« ;Nachdem ;Bording, ;diesen ;Brief ;sehr ;langsam ;gelesen, ;studierte ;er ;die ;Anlagen ;durch. ;Hierauf ;entnahm ;er ;einer ;Schublade ;seines ;Schreibtisches ;eine ;Mappe. ;Sie ;war ;Objekt;;
7;0;176008;random_sample_d_prose_clean_text.txt;1288335;1;1;1;1;mir ;so ;viel ;Liebes, ;daß ;schon ;die ;Aeußerungen ;Deiner ;Zärtlichkeit ;mich ;hätten ;veranlassen ;müssen, ;Dir ;zu ;danken. ;Seit ;meinem ;letzten ;Brief ;sind ;sechs ;Monate ;verflossen. – ;Weißt ;Du, ;wie ;sie ;mir ;erschienen ;sind? ;So ;muß ;den ;armen ;Inquisitionsgefangenen ;in ;jener ;Zeit ;Brief;Teil des Briefs;
42;0;280545;random_sample_d_prose_clean_text.txt;1288335;1;1;1;1;Dich ;bald ;bei ;uns ;zu ;umarmen. ;In ;Treue ;Deine ;schmerzlich ;bewegte ;Mutter.« ;Therese ;las ;halblaut – ;beinahe ;lallend – ;sie ;ließ ;den ;Brief ;sinken. »;Was ;ist ;geschehen – ;was?« »;Ich ;würde ;es ;dir ;völlig, ;für ;immer ;verschwiegen ;haben. ;Aber ;dieser ;Brief …« ;Er ;räusperte ;Brief;davor;
98;0;570078;random_sample_d_prose_clean_text.txt;1288335;1;1;1;1;Weile ;im ;Sinne ;gehabt, ;und ;zwar: »;Ich ;bin ;die ;Ihre. ;Regula ;Heißenstein.« ;Sie ;rief ;Božena ;und ;trug ;ihr ;auf, ;den ;Brief ;sofort ;durch ;einen ;Boten ;nach ;der ;Bahnhofstation ;zu ;befördern. ;Er ;konnte ;um ;fünf ;Uhr ;nachmittags ;in ;Bauers ;Händen ;sein. ;Brief;davor;
117;0;649608;random_sample_d_prose_clean_text.txt;1288335;1;1;1;1;süße, ;heißgeliebte ;Nora! ;Ach!! ;mit ;einem ;tiefen ;Seufzer ;muß ;ich ;beginnen. ;Könnte ;ich ;lieber ;mit ;Haut ;und ;Haaren ;in ;diesen ;Brief ;steigen, ;um ;auf ;eine ;einzige ;Stunde – ;nein, ;das ;würde ;doch ;nicht ;reichen – ;auf ;einen ;Tag ;zu ;Dir ;zu ;fliegen. ;Brief;Teil des Briefs;
87;0;535646;random_sample_d_prose_clean_text.txt;1288335;1;1;1;1;die ;Hand, ;den ;er ;achtlos ;beiseite ;geworfen ;hatte. ;Er ;betrachtet ;ihn ;einen ;Augenblick –;ein ;sonderbarer ;Umstand ;fällt ;ihm ;auf: ;der ;Brief ;trägt ;den ;Stempel ;der ;k.;k. ;Feldpost. ;Mansuet ;eröffnet ;ihn – ;ein ;Blick ;auf ;das ;antiquierte ;Datum – ;die ;fremden ;Züge – ;Objekt;;
33;0;243603;random_sample_d_prose_clean_text.txt;1288335;1;1;1;1;von ;Zuschriften ;und ;p.;f. ;Karten. ;Aber ;er ;blieb ;seiner ;Gewohnheit ;treu: ;das ;Nichtigste ;zuletzt! ;Mit ;raschen ;Fingern ;öffnete ;er ;Brief ;um ;Brief, ;warf ;Karten ;in ;eine ;bereitgestellte ;Schale ;und ;zerknüllte ;Umschläge ;in ;den ;Papierkorb. ;Er ;frühstückte ;dabei – ;fast ;in ;Objekt;;
105;0;584027;random_sample_d_prose_clean_text.txt;1288335;1;1;1;1;aber ;von ;da ;ist ;noch ;ein ;langer, ;dunkler ;Weg ;dorthin, ;wohin ;ich ;wirklich ;gekommen ;bin. (;Bisher ;habe ;ich ;in ;diesem ;Brief ;verhältnismäßig ;weniges ;absichtlich ;verschwiegen, ;jetzt ;und ;später ;werde ;ich ;aber ;einiges ;verschweigen ;müssen, ;was – ;vor ;Dir ;und ;mir – ;einzugestehen, ;Brief;Teil des Briefs;Kafka Brief an den Vater
61;0;396590;random_sample_d_prose_clean_text.txt;1288335;1;1;1;1;Siegel ;und ;war ;adressiert ;an ;den ;Herrn ;Bartholomäus ;Asam, ;Produktenhändler, ;und ;trug ;die ;Aufschrift: ;Kaiserliches ;Marineamt. ;Der ;Postexpeditor ;hatte ;den ;Brief ;voll ;Erstaunen ;hin ;und ;her ;gedreht ;und ;gegen ;das ;Sonnenlicht ;gehalten, ;und ;der ;Postbote ;hatte ;ihn ;verschiedenen ;Leuten ;gezeigt, ;Objekt;;
121;0;677469;random_sample_d_prose_clean_text.txt;1288335;1;1;1;1;geworden ;"ist; ";ich ;möchte ;jede ;schöne ;Stelle ;zeichnen, ;um ;wenigstens ;ein ;schwaches ;Abbild ;davon ;mitzunehmen. ;Gestern ;vormittag ;erhielt ;ich ;einen ;Brief ;vom ;Papa, ;der ;mir ;schreibt, ;er ;käme ;am 31.,;um ;mich ;abzuholen, ;ich ;möchte ;für ;einige ;Stunden ;die ;Gastfreundschaft ;des ;Zusammengefasst;;
25;0;212231;random_sample_d_prose_clean_text.txt;1288335;1;1;1;1;flache ;Hand, ;gleichsam ;abschließend, ;auf ;diese ;Sachen, ;als ;wolle ;er ;sagen: »;Das ;war ;also ;das!« ;Und ;nahm ;dann ;den ;großen ;Brief ;vor, ;der ;zuunterst ;gelegen ;hatte. »;Hochverehrter ;Herr ;Bording! ;Meinen ;Bericht ;d.;d. 17.2.;d.;J. ;aus ;Suez ;schätze ;ich ;in ;Brief;danach;
203;0;1242720;random_sample_d_prose_clean_text.txt;1288335;1;1;1;1;gleich ;lieb ;und ;unvergeßlich ;sein ;würde!« »;Der ;Dicke ;ist ;ein ;netter ;Kerl!« ;hatte ;Sylvie ;gesagt, ;da ;Fräulein ;von ;Dienheim ;diesen ;Brief ;vortrug. – – ;Die ;Gasflammen ;kochten ;leise ;summend ;an ;dem ;mächtigen ;Kronleuchter, ;welcher ;wie ;eine ;funkelnde ;Brillantkrone ;über ;dem ;Podium ;schwebte. ;Kontext;;
34;0;243605;random_sample_d_prose_clean_text.txt;1288335;1;1;1;1;und ;p.;f. ;Karten. ;Aber ;er ;blieb ;seiner ;Gewohnheit ;treu: ;das ;Nichtigste ;zuletzt! ;Mit ;raschen ;Fingern ;öffnete ;er ;Brief ;um ;Brief, ;warf ;Karten ;in ;eine ;bereitgestellte ;Schale ;und ;zerknüllte ;Umschläge ;in ;den ;Papierkorb. ;Er ;frühstückte ;dabei – ;fast ;in ;Seelenruhe. ;Das ;Objekt;;
18;0;198406;random_sample_d_prose_clean_text.txt;1288335;1;1;1;1;wissen ;wir ;nicht, ;wir ;wissen ;nur, ;daß ;er ;ihr ;einen ;langen, ;langen ;unorthographischen ;Brief ;aus ;großen ;Quartblättern ;antwortete, ;so ;einen ;Brief, ;wie ;man ;sie ;damals ;noch ;schrieb, ;als ;der ;Postverkehr ;schwierig ;und ;der ;moderne ;Telegrammstil, ;Gott ;sei ;Dank, ;noch ;nicht ;Kontext;;
132;0;717335;random_sample_d_prose_clean_text.txt;1288335;1;1;1;1;von ;tausenden ;Seemeilen ;von ;Europa ;und ;der ;Küste ;der ;Bretagne ;trennte, ;erhielt ;ich ;eines ;Tages ;von ;der ;Londonerin ;einen ;kurzen ;Brief, ;worin ;sie ;mir ;mitteilte, ;daß ;die ;Österreicherin ;sich ;in ;Paris ;erschossen ;habe. ;Ich ;hatte ;mich ;also ;getäuscht, ;dachte ;ich, ;Zusammengefasst;;
107;0;590984;random_sample_d_prose_clean_text.txt;1288335;1;1;1;1;von ;mir ;durchs ;Leben ;schleifen. ;Ein ;Beispiel: ;Als ;Du ;letzthin ;heiraten ;wolltest, ;wolltest ;Du, ;das ;gibst ;Du ;ja ;in ;diesem ;Brief ;zu, ;gleichzeitig ;nicht ;heiraten, ;wolltest ;aber, ;um ;Dich ;nicht ;anstrengen ;zu ;müssen, ;daß ;ich ;Dir ;zum ;Nichtheiraten ;verhelfe, ;indem ;Objekt;;
68;0;522542;random_sample_d_prose_clean_text.txt;1288335;1;1;1;1;Platze ;tummelte, ;bemerkte ;sein ;stiller ;Gönner, ;mit ;einer ;Hand ;auf ;den ;Schützling ;deutend ;und ;mit ;der ;andern ;dem ;Prinzipal ;einen ;Brief ;zur ;Unterschrift ;vorlegend: »;Ansprechendes ;Exterieur, ;das ;des ;Herrn ;Leutnants. ;Scheinen ;hier ;einen ;Punkt ;der ;Anziehung ;gefunden ;zu ;haben.« ;Und ;Objekt;;
67;0;511365;random_sample_d_prose_clean_text.txt;1288335;1;1;1;1;schrieben ;sie ;nach ;Lemberg, ;aber ;von ;da ;kam ;gar ;keine ;Antwort. ;Und ;endlich ;nach ;Wien ;und ;von ;da ;kam ;ein ;Brief ;zurück, ;daß ;ja ;die ;Sache ;nach ;Tarnopol ;gehöre. ;Aber ;inzwischen ;war ;mehr ;als ;ein ;Jahr ;vergangen ;und ;die ;Jütta ;Zusammengefasst;;
178;0;919475;random_sample_d_prose_clean_text.txt;1288335;1;1;1;1;hätte, ;die ;ihm, ;wenn ;auch ;erst ;zwei ;Jahre, ;doch ;eine ;Ewigkeit ;zu ;währen ;schien. ;Er ;setzte ;sich ;in ;Gedanken ;einen ;Brief ;zusammen, ;welchen ;er ;gleich ;morgen ;an ;die ;ferne ;Geliebte ;schreiben ;und ;absenden, ;und ;worin ;er ;sie ;um ;Rat ;fragen ;hypothetischer Brief - ungeschgrieben;;
136;0;743483;random_sample_d_prose_clean_text.txt;1288335;1;1;1;1;wunderte ;mich, ;daß ;ich ;ein ;Erdbeben ;erlebt ;hatte, ;ohne ;es ;zu ;wissen. ;Da ;schiebt ;der ;Indianerboy ;einen ;Teller ;mit ;einem ;Brief ;zwischen ;mich ;und ;das ;Wasserglas. ;Ein ;Diener ;hatte ;den ;Brief ;abgegeben. ;Der ;Reitlehrer, ;der ;mich ;bei ;dem ;ersten ;Ausritt ;Objekt;;
23;0;208481;random_sample_d_prose_clean_text.txt;1288335;1;1;1;1;Zornes? ;Der ;Freude? ;Der ;unruhvollsten ;Spannung? ;So ;rätselhaft ;war ;der ;Ausdruck ;auf ;dem ;Antlitz ;des ;Mannes, ;als ;er ;jetzt ;den ;Brief ;öffnete ;und ;zu ;lesen ;begann: »;Geliebtester! ;Wie ;hasse ;ich ;den ;Frühling. ;Es ;ist ;eine ;unerträgliche ;Jahreszeit. ;Ja, ;ich ;hasse ;Brief;danach;
146;0;775902;random_sample_d_prose_clean_text.txt;1288335;1;1;1;1;blieb ;sie ;stehen. ;Ich ;stieg ;die ;zwei ;Stufen ;hinunter ;und ;tat ;einen ;Schritt ;in ;den ;Garten. ;Da ;flog ;ein ;kleiner ;Brief ;über ;das ;Gitter, ;fiel ;an ;den ;Windenblüten ;herunter ;und ;blieb ;auf ;den ;Grasspitzen ;des ;Rasens ;liegen. ;Ich ;warf ;eine ;Objekt;;
59;0;374714;random_sample_d_prose_clean_text.txt;1288335;1;1;1;1;Leben ;zu ;führen ;und ;ihr ;den ;weiblichsten ;Wirkungskreis ;zu ;bieten, ;den ;sie ;nirgend ;sonst ;werde ;finden ;können. ;Als ;er ;den ;Brief ;überlesen ;hatte, ;zerriß ;er ;ihn. ;Er ;sah ;ein, ;daß ;es ;viel ;zu ;früh ;wäre, ;jetzt ;schon ;auf ;ihren ;Verstand ;Zusammengefasst;;